t_s,generation,tick,frame,observation_window_frames,target_world_deg,measured_world_deg,heading_correction_deg,target_measured_gap_deg
0.003811825008597225,5,326,2,46,-0.6819857372549929,-1.1328379828859092,-0.7677817568784514,0.4508522456309265
0.02381217200309038,5,327,3,46,-0.5646948236394166,-1.197582346915971,-0.7677817568784514,0.6328875232765654
0.043811267998535186,5,328,4,46,-0.4900475112315838,-1.1497324234669588,-0.7677817568784514,0.6596849122353774
0.0638068380067125,5,329,5,46,-0.4621302972160805,-1.0768830202870798,-0.7677817568784514,0.6147527230710068
0.08380692498758435,6,330,1,46,-0.4969947685441363,-1.0481877872604493,-0.7677817568784514,0.5511930187163046
0.10380751598859206,6,331,2,46,-0.5261384876680091,-1.098238444529894,-0.7677817568784514,0.5720999568618765
0.12380771100288257,6,332,3,46,-0.647130411089532,-1.0526252557993565,-0.7677817568784514,0.40549484470983543
0.1438078680075705,6,333,4,46,-0.6717384770027136,-0.9848945368837789,-0.7677817568784514,0.31315605988106654
0.16381448798347265,6,334,5,46,-0.6432578559657104,-0.907331681303671,-0.7677817568784514,0.26407382533795953
0.1838105429778807,7,335,1,46,-0.6459784738782614,-0.8528896153950379,-0.7677817568784514,0.2069111415167697
0.20380871201632544,7,336,2,46,-0.5992640305217756,-0.8513031334757051,-0.7677817568784514,0.2520391029539155
0.22381315100938082,7,337,3,46,-0.5291251168726555,-0.9312370164687044,-0.7677817568784514,0.40211189959603644
0.24380940501578152,7,338,4,46,-0.42294166977224273,-0.991657206643055,-0.7677817568784514,0.5687155368708261
0.26380851201247424,7,339,5,46,-0.3118627360396962,-1.0050930777640232,-0.7677817568784514,0.6932303417243304
0.2838128419825807,8,340,1,46,-0.32886836340651093,-0.9981295846268016,-0.7677817568784514,0.669261221220296
0.30381164100253955,8,341,2,46,-0.3257323057556231,-0.9340233265579871,-0.7677817568784514,0.6082910208023691
0.3238082960015163,8,342,3,46,-0.335049883553308,-0.7838293429560518,-0.7677817568784514,0.44877945940274344
0.3438089690171182,8,343,4,46,-0.32015391259694254,-0.6323749555447092,-0.7677817568784514,0.31222104294775477
0.36380746599752456,8,344,5,46,-0.2966181990472534,-0.5254624316161329,-0.7677817568784514,0.22884423256888908
0.3838105350150727,9,345,1,46,-0.2747138780080532,-0.4573074068704796,-0.7677817568784514,0.1825935288624123
0.4038064840133302,9,346,2,46,-0.22662410254573015,-0.3421856537761237,-0.7677817568784514,0.11556155123039957
0.4238097909837961,9,347,3,46,-0.18422112307145008,-0.2452854714745865,-0.7677817568784514,0.06106434840313568
0.4438084479770623,9,348,4,46,-0.13079817999107837,-0.11977657544914627,-0.7677817568784514,0.01102160454192358
0.4638083520112559,9,349,5,46,-0.0889544841152013,0.0036926738530185443,-0.7677817568784514,0.09264715796822998
0.4838137659826316,10,350,1,46,-0.0887908832226616,0.07667470318461014,-0.7677817568784514,0.16546558640726516
0.5038084730040282,10,351,2,46,-0.0664323313320224,0.10094173734041174,-0.7677817568784514,0.1673740686724443
0.5238065929734148,10,352,3,46,-0.05455181298287546,0.110148427800342,-0.7677817568784514,0.164700240783219
0.5438211869914085,10,353,4,46,-0.04212990746607244,0.1196250713744044,-0.7677817568784514,0.16175497884046308
0.5638107510167174,10,354,5,46,-0.0564590533510341,0.13031974665541518,-0.7677817568784514,0.18677880000643654
0.5838088230229914,11,355,1,46,-0.09910802209579266,0.14368197168565994,-0.7677817568784514,0.24278999378145727
0.6038087800261565,11,356,2,46,-0.13493364182143605,0.15843199264930813,-0.7677817568784514,0.2933656344707458
0.6238097799941897,11,357,3,46,-0.18444723195853155,0.17528035811116893,-0.7677817568784514,0.3597275900696957
0.64380824402906,11,358,4,46,-0.22176574935920637,0.19589668430741866,-0.7677817568784514,0.417662433666635
0.6638488770113327,11,359,5,46,-0.2651196197389045,0.2082673407345031,-0.7677817568784514,0.47338696047341955
0.6838079289882444,12,360,1,46,-0.28396120939460245,0.20781269977895447,-0.7677817568784514,0.4917739091735598
0.7038092630100437,12,361,2,46,-0.26932020969359727,0.20858670640681465,-0.7677817568784514,0.4779069161004088
0.7238085310091265,12,362,3,46,-0.24461125823436378,0.2116822378317149,-0.7677817568784514,0.45629349606608116
0.7438511059735902,12,363,4,46,-0.20611253466025786,0.2177182336709266,-0.7677817568784514,0.42383076833118594
0.7638118240283802,12,364,5,46,-0.18440877459292043,0.22627167844059817,-0.7677817568784514,0.41068045303350686
0.7838184189749882,13,365,1,46,-0.20965036463253728,0.2361721509926584,-0.7677817568784514,0.4458225156251956
0.8038123230217025,13,366,2,46,-0.21173084646959128,0.24644654925714335,-0.7677817568784514,0.45817739572672167
0.8238102379837073,13,367,3,46,-0.21435474583107794,0.25368970558161025,-0.7677817568784514,0.4680444514126805
0.8438076750026084,13,368,4,46,-0.20756173731639715,0.2622262921497267,-0.7677817568784514,0.4697880294661161
0.863810912007466,13,369,5,46,-0.2189060469043543,0.2695588412830319,-0.7677817568784514,0.4884648881873943
0.8838108910131268,13,370,6,46,-0.2396202819401868,0.276080403474766,-0.7677817568784514,0.5157006854149415
0.9038087709923275,14,371,1,46,-0.23902866993432384,0.2892987858876293,-0.7677817568784514,0.5283274558219659
0.9238107309793122,14,372,2,46,-0.24729994301552002,0.31169319363727,-0.7677817568784514,0.5589931366527878
0.9438070619944483,14,373,3,46,-0.24352544938048667,0.3182234353708436,-0.7677817568784514,0.5617488847513243
0.9638078950229101,14,374,4,46,-0.23063453233469217,0.3186163718613593,-0.7677817568784514,0.5492509041960432
0.983811644022353,15,375,1,46,-0.2504835748323615,0.31805442381364835,-0.7677817568784514,0.5685379986460077
1.0038209119811654,15,376,2,46,-0.23910577297490218,0.31879499244964665,-0.7677817568784514,0.5579007654245629
1.0238096190150827,15,377,3,46,-0.17259225935452996,0.3305766739937835,-0.7677817568784514,0.50316893334832
1.0438115249853581,15,378,4,46,-0.0977735490031947,0.3558162587073786,-0.7677817568784514,0.45358980771058555
1.063805516983848,15,379,5,46,-0.03239797782805541,0.3835905815788604,-0.7677817568784514,0.4159885594069124
1.0838067940203473,16,380,1,46,0.02518797235829662,0.4016773474272313,-0.7677817568784514,0.3764893750689282
1.103807910985779,16,381,2,46,0.04611178986233919,0.41824170199326605,-0.7677817568784514,0.37212991213093005
1.1238076069857925,16,382,3,46,0.05525998416211411,0.42564093732638475,-0.7677817568784514,0.3703809531642719
1.1438087049755268,16,383,4,46,0.07938587787209773,0.42754859082030094,-0.7677817568784514,0.3481627129482092
1.1638071310007945,16,384,5,46,0.0782938804792866,0.426836776488908,-0.7677817568784514,0.34854289600963284
1.1838080640300177,17,385,1,46,0.06303020022130779,0.42626895514341906,-0.7677817568784514,0.3632387549221221
1.203810130013153,17,386,2,46,0.06358438935268917,0.4253936476137737,-0.7677817568784514,0.3618092582610757
1.2238157109823078,17,387,3,46,0.05988661912065962,0.4231240877722105,-0.7677817568784514,0.3632374686515618
1.243808724975679,17,388,4,46,0.0731163958979569,0.41979639095191235,-0.7677817568784514,0.34667999505396097
1.2638093730201945,17,389,5,46,0.0688969778620273,0.4148898899489099,-0.7677817568784514,0.3459929120868708
1.283813527028542,18,390,1,46,0.043584837581146514,0.40890411593786957,-0.7677817568784514,0.3653192783567363
1.303807294985745,18,391,2,46,0.04050385018448693,0.4071564539803309,-0.7677817568784514,0.36665260379584197
1.323809669003822,18,392,3,46,0.038195726226580386,0.4179727360492264,-0.7677817568784514,0.3797770098226465
1.3438084620283917,18,393,4,46,0.05339555053572343,0.4379191199217535,-0.7677817568784514,0.38452356938603316
1.3638334430288523,18,394,5,46,0.05187161618720779,0.45292468359498617,-0.7677817568784514,0.401053067407787
1.3838101879809983,19,395,1,46,0.023676503626969818,0.4603964417414294,-0.7677817568784514,0.4367199381144644
1.4038057859870605,19,396,2,46,0.0187246060391231,0.47106558592394676,-0.7677817568784514,0.4523409798848377
1.4238452870049514,19,397,3,46,0.013689326620711186,0.48854504227680895,-0.7677817568784514,0.47485571565610485
1.4438089440227486,19,398,4,46,0.026786326982628308,0.5047742215728748,-0.7677817568784514,0.4779878945902567
1.463807522028219,19,399,5,46,0.023413837155347686,0.5196610470663965,-0.7677817568784514,0.4962472099110471
1.4838179019861855,20,400,1,46,-0.005576902971849502,0.5334900329802644,-0.7677817568784514,0.5390669359521212
1.5038066689739935,20,401,2,46,-0.011443412323151327,0.543493817608314,-0.7677817568784514,0.5549372299314541
1.5238101260038093,20,402,3,46,-0.018389081831783657,0.5444567270903152,-0.7677817568784514,0.5628458089221056
1.5438088360242546,20,403,4,46,-0.0068074306134696715,0.5482591400645537,-0.7677817568784514,0.5550665706780364
1.56380728201475,20,404,5,46,-0.010652579893663952,0.5598454647020185,-0.7677817568784514,0.5704980445956949
1.583828413975425,21,405,1,46,-0.03878666240022184,0.5743896649016307,-0.7677817568784514,0.6131763273018578
1.6038077099947259,21,406,2,46,-0.042584944744470055,0.5813057617377233,-0.7677817568784514,0.6238907064822001
1.6238080770126544,21,407,3,46,-0.04809710530736979,0.5795988862630189,-0.7677817568784514,0.6276959915703912
1.6438092530006543,21,408,4,46,-0.03870410226463274,0.5757664623252078,-0.7677817568784514,0.6144705645898512
1.6638095889938995,21,409,5,46,-0.04875618971499604,0.5800198217364152,-0.7677817568784514,0.6287760114514072
1.683812173025217,22,410,1,46,-0.08970700379893447,0.5865192308275794,-0.7677817568784514,0.6762262346265118
1.7038123829988763,22,411,2,46,-0.11203079208057268,0.585307897151575,-0.7677817568784514,0.69733868923214
1.7238102770061232,22,412,3,46,-0.13960149403928387,0.5864729610680208,-0.7677817568784514,0.7260744551072946
1.7438500549760647,22,413,4,46,-0.14947790893600804,0.5973771048943702,-0.7677817568784514,0.746855013830384
1.7638069589738734,22,414,5,46,-0.171117451906585,0.6094883393077064,-0.7677817568784514,0.780605791214299
1.7838495249743573,23,415,1,46,-0.19845043243102692,0.6192568386792949,-0.7677817568784514,0.8177072711103222
1.8038073999923654,23,416,2,46,-0.19696613974512278,0.6259865508337895,-0.7677817568784514,0.8229526905789157
1.8238206140231341,23,417,3,46,-0.18761339734492702,0.6280365585271269,-0.7677817568784514,0.8156499558720611
1.843805769982282,23,418,4,46,-0.16185809125830908,0.6267635223220702,-0.7677817568784514,0.788621613580375
1.863809512986336,23,419,5,46,-0.15302233786003308,0.6312748096595687,-0.7677817568784514,0.7842971475195952
1.8838491319911554,24,420,1,46,-0.1802889356126269,0.6388518334191193,-0.7677817568784514,0.8191407690317476
1.9038462369935587,24,421,2,46,-0.1907185419164265,0.6477360792461209,-0.7677817568784514,0.8384546211625548
1.9238106589764357,24,422,3,46,-0.20752949686831842,0.6566335996600202,-0.7677817568784514,0.8641630965283298
1.9438119460246526,24,423,4,46,-0.21486745159422813,0.6648576522965223,-0.7677817568784514,0.8797251038907632
1.9638063780148514,24,424,5,46,-0.23845870742000974,0.6615856428181185,-0.7677817568784514,0.9000443502381188
1.9838080659974366,25,425,1,46,-0.25839567215878506,0.6495157809071362,-0.7677817568784514,0.9079114530659353
2.003808215027675,25,426,2,46,-0.25986157338811217,0.6411363881102224,-0.7677817568784514,0.9009979614983479
2.023814417014364,25,427,3,46,-0.26997286688449257,0.6355293065922055,-0.7677817568784514,0.905502173476691
2.0438073889818043,25,428,4,46,-0.2737469721935365,0.6282078155131624,-0.7677817568784514,0.9019547877066998
2.0638096799957566,25,429,5,46,-0.2969130033271679,0.6190355900827003,-0.7677817568784514,0.9159485934098655
2.083849453018047,26,430,1,46,-0.32847602317115865,0.6076619268462552,-0.7677817568784514,0.936137950017411
2.1038090250222012,26,431,2,46,-0.3439303505538532,0.5862853510863807,-0.7677817568784514,0.9302157016402361
2.1238127929973416,26,432,3,46,-0.37437083115479397,0.5578607353962127,-0.7677817568784514,0.9322315665509961
2.1438096479978412,26,433,4,46,-0.39875753419569,0.5463091835932222,-0.7677817568784514,0.9450667177889045
2.1638079860131256,26,434,5,46,-0.4399624737937022,0.5398225130162312,-0.7677817568784514,0.979784986809932
2.1838096550200135,27,435,1,46,-0.4812080206833292,0.5348643852708705,-0.7677817568784514,1.0160724059541906
2.2038086450193077,27,436,2,46,-0.504845272029982,0.5163496471020439,-0.7677817568784514,1.0211949191320286
2.223809669027105,27,437,3,46,-0.5434943155750656,0.4875159567073585,-0.7677817568784514,1.0310102722824297
2.2438090670038946,27,438,4,46,-0.5756335410294725,0.4579342014923338,-0.7677817568784514,1.0335677425217966
2.2638092359993607,27,439,5,46,-0.6216005640898582,0.36630039153511307,-0.7677817568784514,0.9879009556249798
2.2838080470100977,28,440,1,46,-0.6723202271503741,0.26110108543658517,-0.7677817568784514,0.9334213125869724
2.303808411001228,28,441,2,46,-0.7065527009408497,0.22704966800795312,-0.7677817568784514,0.9336023689488115
2.323811850976199,28,442,3,46,-0.7681443364635918,0.21111602889770248,-0.7677817568784514,0.9792603653612844
2.3438066259841435,28,443,4,46,-0.8267071128637913,0.16147545607671898,-0.7677817568784514,0.9881825689405161
2.3638081420212984,28,444,5,46,-0.8978109488561243,0.06485552164133745,-0.7677817568784514,0.962666470497453
2.3838081369758584,29,445,1,46,-0.9605208118631724,-0.022876896270433936,-0.7677817568784514,0.9376439155927301
2.4038069319794886,29,446,2,46,-1.0087146599692038,-0.09476392501573998,-0.7677817568784514,0.9139507349534597
2.4238104990217835,29,447,3,46,-1.0962704315624876,-0.15373428381853516,-0.7677817568784514,0.9425361477439651
2.443806603027042,29,448,4,46,-1.1889990664511128,-0.1932214064130864,-0.7677817568784514,0.9957776600380157
2.4638085620244965,29,449,5,46,-1.2943039824750344,-0.23977516988372774,-0.7677817568784514,1.0545288125913146
2.4838110149721615,30,450,1,46,-1.3868336079898398,-0.2768740072567019,-0.7677817568784514,1.1099596007331343
2.503808723995462,30,451,2,46,-1.4730645428966784,-0.3085854657283995,-0.7677817568784514,1.1644790771682665
2.523806862998754,30,452,3,46,-1.611616021380818,-0.32076301111692623,-0.7677817568784514,1.290853010263902
2.5438065819907933,30,453,4,46,-1.7540021891254762,-0.3284637016117847,-0.7677817568784514,1.4255384875137054
2.563807832018938,30,454,5,46,-1.8937633780928416,-0.34926035464822086,-0.7677817568784514,1.5445030234446335
2.583814375975635,31,455,1,46,-1.9857080275346497,-0.38406377380735296,-0.7677817568784514,1.6016442537273008
2.60380747000454,31,456,2,46,-2.058488745493847,-0.5181255286161802,-0.7677817568784514,1.5403632168776653
2.623809580982197,31,457,3,46,-2.170644299459634,-0.7048335206791669,-0.7677817568784514,1.4658107787804795
2.643808454973623,31,458,4,46,-2.293418785694441,-0.8400573586683381,-0.7677817568784514,1.4533614270260955
2.663808543002233,31,459,5,46,-2.4204862947233217,-0.9818390091683651,-0.7677817568784514,1.4386472855549641
2.683809857000597,32,460,1,46,-2.5294687486475826,-1.0781228582949505,-0.7677817568784514,1.451345890352627
2.7038107360131107,32,461,2,46,-2.623591038334269,-1.2238494182613453,-0.7677817568784514,1.3997416200729162
2.723823972977698,32,462,3,46,-2.7678316255494653,-1.3809372712487875,-0.7677817568784514,1.386894354300665
2.7438088210183196,32,463,4,46,-2.932455813009997,-1.5635833289884602,-0.7677817568784514,1.368872484021523
2.7638063490157947,32,464,5,46,-3.110649247659768,-1.721557209174899,-0.7677817568784514,1.3890920384848755
2.7838513730093837,33,465,1,46,-3.249537073631894,-1.8691697777974854,-0.7677817568784514,1.380367295834418
2.803805990028195,33,466,2,46,-3.376893090372894,-2.0239981162144045,-0.7677817568784514,1.3528949741584881
2.823805166990496,33,467,3,46,-3.55662304235327,-2.183237440035766,-0.7677817568784514,1.3733856023175122
2.843820094014518,33,468,4,46,-3.7578577146163976,-2.339189455512017,-0.7677817568784514,1.418668259104379
2.863810579001438,33,469,5,46,-3.9742001999653023,-2.4805971167694065,-0.7677817568784514,1.493603083195893
2.883810857019853,34,470,1,46,-4.146104044215154,-2.604022255398856,-0.7677817568784514,1.54208178881629
2.9038049419759773,34,471,2,46,-4.313656710614806,-2.707350803824296,-0.7677817568784514,1.60630590679051
2.9238096959888935,34,472,3,46,-4.532094179961116,-2.8204809578427015,-0.7677817568784514,1.711613222118416
2.9438044630223885,34,473,4,46,-4.7537165899662845,-2.956255438444289,-0.7677817568784514,1.7974611515219863
2.9638073940295726,34,474,5,46,-4.965565759198573,-3.064114752537398,-0.7677817568784514,1.9014510066611763
2.9838077040039934,35,475,1,46,-5.110241726088301,-3.201407056890666,-0.7677817568784514,1.9088346691976312
3.003806599008385,35,476,2,46,-5.243744229255224,-3.293643282772193,-0.7677817568784514,1.950100946483019
3.023809388978407,35,477,3,46,-5.431297184517109,-3.3625209529298625,-0.7677817568784514,2.0687762315872362
3.043807148002088,35,478,4,46,-5.620977882405533,-3.4572784378605346,-0.7677817568784514,2.1636994445449886
3.0638065219973214,35,479,5,46,-5.803875533217677,-3.535651876223291,-0.7677817568784514,2.268223656994394
3.0838117980165407,36,480,1,46,-5.946496062438554,-3.574196873333002,-0.7677817568784514,2.372299189105547
3.103808897023555,36,481,2,46,-6.079868649815874,-3.642601657617149,-0.7677817568784514,2.4372669921987153
3.1238131829886697,36,482,3,46,-6.286071546614389,-3.7822602495054714,-0.7677817568784514,2.5038112971089106
3.1438079259824008,36,483,4,46,-6.503190308517421,-3.9033663251055994,-0.7677817568784514,2.5998239834118237
3.16380720800953,36,484,5,46,-6.722776310690455,-3.9748954969350643,-0.7677817568784514,2.747880813755387
3.183806632994674,37,485,1,46,-6.892833857808695,-4.020365367069267,-0.7677817568784514,2.872468490739436
3.203807425976265,37,486,2,46,-7.065635139138266,-4.1754249461075155,-0.7677817568784514,2.8902101930307538
3.2238421959918924,37,487,3,46,-7.333463614193962,-4.3450094265130375,-0.7677817568784514,2.9884541876809294
3.2438073030207306,37,488,4,46,-7.606202818326185,-4.488932297086065,-0.7677817568784514,3.1172705212401297
3.2638061480247416,37,489,5,46,-7.860240338735413,-4.642242247232268,-0.7677817568784514,3.217998091503148
3.2838065500254743,38,490,1,46,-8.022955413193689,-4.751215295627789,-0.7677817568784514,3.271740117565912
3.3038065109867603,38,491,2,46,-8.174932145637284,-4.901662932137932,-0.7677817568784514,3.2732692134993613
3.3238137700245716,38,492,3,46,-8.400027127206437,-5.111066660455139,-0.7677817568784514,3.2889604667512913
3.343807826982811,38,493,4,46,-8.631515955914837,-5.2802370742147,-0.7677817568784514,3.351278881700125
3.3638078210060485,38,494,5,46,-8.844197088681184,-5.468267731303247,-0.7677817568784514,3.3759293573779416
3.3838108360068873,39,495,1,46,-9.00661851508324,-5.660356755581434,-0.7677817568784514,3.3462617595018003
3.4038091329857707,39,496,2,46,-9.163413397120095,-5.839320537960333,-0.7677817568784514,3.324092859159748
3.4238100179936737,39,497,3,46,-9.38100510185284,-6.073176689205028,-0.7677817568784514,3.307828412647808
3.4438072110060602,39,498,4,46,-9.60600678265265,-6.176174554233085,-0.7677817568784514,3.4298322284195706
3.463806112005841,39,499,5,46,-9.811035505515218,-6.309595866828847,-0.7677817568784514,3.501439638686378
3.483824822003953,40,500,1,46,-9.958601451468704,-6.474044835003554,-0.7677817568784514,3.4845566164651416
3.503810908005107,40,501,2,46,-10.104329743478466,-6.780839109818785,-0.7677817568784514,3.3234906336596737
3.5238119720015675,40,502,3,46,-10.308123196649625,-7.079034796660164,-0.7677817568784514,3.2290883999894504
3.5438079410232604,40,503,4,46,-10.527724689864005,-7.258467582804839,-0.7677817568784514,3.269257107059161
3.563809472019784,40,504,5,46,-10.732741401126713,-7.356737352274368,-0.7677817568784514,3.3760040488523373
3.583808208000846,41,505,1,46,-10.890467794980292,-7.46923915024602,-0.7677817568784514,3.4212286447342706
3.6038072609808296,41,506,2,46,-11.060755771627852,-7.750009686790434,-0.7677817568784514,3.3107460848374046
3.6238066049991176,41,507,3,46,-11.298326301223726,-8.178562243774953,-0.7677817568784514,3.1197640574487764
3.6438095020130277,41,508,4,46,-11.550071478841753,-8.397517716547222,-0.7677817568784514,3.1525537622945308
3.663810995989479,41,509,5,46,-11.773994527396209,-8.531308046988633,-0.7677817568784514,3.2426864804075706
3.6838086969801225,42,510,1,46,-11.910743117047957,-8.632979372051274,-0.7677817568784514,3.2777637449966903
3.7038075139862485,42,511,2,46,-12.051686515511097,-8.800482547773996,-0.7677817568784514,3.251203967737098
3.7238123189890757,42,512,3,46,-12.231921837632289,-9.016831537518083,-0.7677817568784514,3.2150903001142126
3.7438072410295717,42,513,4,46,-12.404152278250717,-9.160591819492154,-0.7677817568784514,3.243560458758566
3.7638072490226477,42,514,5,46,-12.525048688604974,-9.274111328079037,-0.7677817568784514,3.2509373605259384
3.7838089209981263,43,515,1,46,-12.557137287750066,-9.3583436096867,-0.7677817568784514,3.1987936780633675
3.8038091919734143,43,516,2,46,-12.562139421107286,-9.46599413348169,-0.7677817568784514,3.0961452876256033
3.8238099180161953,43,517,3,46,-12.57315851932055,-9.534408566274077,-0.7677817568784514,3.0387499530464765
3.843808255973272,43,518,4,46,-12.5845929401154,-9.556955183703643,-0.7677817568784514,3.027637756411764
3.8638094689813443,43,519,5,46,-12.571004425514033,-9.60208094691108,-0.7677817568784514,2.96892347860296
3.8838089400087483,44,520,1,46,-12.56632329799797,-9.643849721770394,-0.7677817568784514,2.9224735762275884
3.90380832698429,44,521,2,46,-12.562882693907095,-9.712454991032883,-0.7677817568784514,2.8504277028742138
3.923809685977176,44,522,3,46,-12.601890596743251,-9.765692662842092,-0.7677817568784514,2.836197933901161
3.943812991026789,44,523,4,46,-12.654881349816328,-9.777512712856169,-0.7677817568784514,2.8773686369601705
3.96381108101923,44,524,5,46,-12.684299970542803,-9.80581641911819,-0.7677817568784514,2.8784835514246083
3.9838083810172975,45,525,1,46,-12.64790033107304,-9.855248243721645,-0.7677817568784514,2.7926520873513994
4.003807011991739,45,526,2,46,-12.61061657688428,-9.861328845283726,-0.7677817568784514,2.7492877316005604
4.023810923972633,45,527,3,46,-12.613486255625793,-9.86198402800928,-0.7677817568784514,2.751502227616527
4.043807348003611,45,528,4,46,-12.636160034789262,-9.874497571606248,-0.7677817568784514,2.7616624631830007
4.063810747989919,45,529,5,46,-12.63867583517281,-9.84996021542941,-0.7677817568784514,2.7887156197434138
4.083809026982635,46,530,1,46,-12.5860792671683,-9.788919477805008,-0.7677817568784514,2.797159789363292
4.10380725201685,46,531,2,46,-12.521069681002631,-9.73672999573203,-0.7677817568784514,2.784339685270595
4.123810136981774,46,532,3,46,-12.494293248839883,-9.725208294088954,-0.7677817568784514,2.769084954750923
4.143809752014931,46,533,4,46,-12.489984514128837,-9.6975080851511,-0.7677817568784514,2.79247642897775
4.163809228979517,46,534,5,46,-12.46983005954529,-9.662793064236846,-0.7677817568784514,2.8070369953084366
4.183808082016185,47,535,1,46,-12.396482020736588,-9.63577175398188,-0.7677817568784514,2.7607102667546997
4.203808728023432,47,536,2,46,-12.301284876937526,-9.612965593635119,-0.7677817568784514,2.6883192833024054
4.223813361022621,47,537,3,46,-12.25273531790962,-9.615749806017227,-0.7677817568784514,2.636985511892391
4.243810435000341,47,538,4,46,-12.233754103390455,-9.61673681082596,-0.7677817568784514,2.6170172925644977
4.263812616991345,47,539,5,46,-12.201085116953152,-9.599008340299777,-0.7677817568784514,2.6020767766533766
4.283806962019298,48,540,1,46,-12.119770268435241,-9.541591692203827,-0.7677817568784514,2.5781785762314087
4.3038077800301835,48,541,2,46,-12.013526415833102,-9.522058806678755,-0.7677817568784514,2.4914676091543413
4.323808540008031,48,542,3,46,-11.95521468933584,-9.542181600362252,-0.7677817568784514,2.4130330889735774
4.343810169026256,48,543,4,46,-11.924905315858503,-9.539174754592759,-0.7677817568784514,2.3857305612657456
4.363810562004801,48,544,5,46,-11.872464106475807,-9.50595031938789,-0.7677817568784514,2.3665137870879107
4.38381027802825,49,545,1,46,-11.773614370693345,-9.457105108348214,-0.7677817568784514,2.3165092623451358
4.40382188098738,49,546,2,46,-11.65246637153747,-9.428739472190015,-0.7677817568784514,2.2237268993474686
4.423808560997713,49,547,3,46,-11.577972959135849,-9.41836233936096,-0.7677817568784514,2.159610619774895
4.44380840001395,49,548,4,46,-11.533755495215587,-9.419849919472902,-0.7677817568784514,2.1139055757426775
4.463806956016924,49,549,5,46,-11.465357147467332,-9.401827424527077,-0.7677817568784514,2.0635297229402454
4.483810665027704,50,550,1,46,-11.355318538541734,-9.372503280933376,-0.7677817568784514,1.9828152576083653
4.503809809975792,50,551,2,46,-11.227023104604351,-9.359054785721494,-0.7677817568784514,1.8679683188828449
4.523809544974938,50,552,3,46,-11.148279451202646,-9.348906343263021,-0.7677817568784514,1.7993731079396298
4.543807653011754,50,553,4,46,-11.109714020625136,-9.323634102724169,-0.7677817568784514,1.7860799179009632
4.563812212029006,50,554,5,46,-11.059194516460432,-9.284986553199396,-0.7677817568784514,1.7742079632610341
4.583806087030098,50,555,6,46,-10.998038686428261,-9.231018134643081,-0.7677817568784514,1.7670205517851798
4.603811829991173,51,556,1,46,-10.952696207735897,-9.166378960697541,-0.7677817568784514,1.7863172470383688
4.623811046010815,51,557,2,46,-10.963145945651855,-9.129757737312422,-0.7677817568784514,1.8333882083394428
4.6438089000293985,51,558,3,46,-10.993422180807883,-9.125143355164067,-0.7677817568784514,1.868278825643813
4.663809615012724,51,559,4,46,-11.040428942633989,-9.083538755106956,-0.7677817568784514,1.9568901875270228
4.683809383015614,52,560,1,46,-11.000703656885305,-9.023014278445942,-0.7677817568784514,1.9776893784393508
4.703807138022967,52,561,2,46,-10.960149841603968,-8.95345907444658,-0.7677817568784514,2.00669076715738
4.723813702003099,52,562,3,46,-10.995144944732465,-8.897395475307556,-0.7677817568784514,2.0977494694249117
4.743809963983949,52,563,4,46,-11.0512859643575,-8.881759823515194,-0.7677817568784514,2.1695261408422937
4.763806877017487,52,564,5,46,-11.091807376415673,-8.88617660576665,-0.7677817568784514,2.205630770649009
4.783807481988333,53,565,1,46,-11.08886046247461,-8.89543797141903,-0.7677817568784514,2.1934224910555713
4.803807380027138,53,566,2,46,-11.081361488837308,-8.884305663247556,-0.7677817568784514,2.197055825589757
4.823812510003336,53,567,3,46,-11.080547970796601,-8.844446158538988,-0.7677817568784514,2.2361018122576013
4.843808124016505,53,568,4,46,-11.109113135866643,-8.767858937505801,-0.7677817568784514,2.3412541983608435
4.863807475019712,53,569,5,46,-11.078697933697985,-8.678582953042826,-0.7677817568784514,2.400114980655161
4.883810564992018,54,570,1,46,-10.996469532987707,-8.595981212841268,-0.7677817568784514,2.400488320146451
4.90380713698687,54,571,2,46,-10.901681176384221,-8.51665139143332,-0.7677817568784514,2.3850297849508877
4.923809357977007,54,572,3,46,-10.868131294232631,-8.470946485218061,-0.7677817568784514,2.3971848090145613
4.9438073100172915,54,573,4,46,-10.842013192279326,-8.398731855867663,-0.7677817568784514,2.4432813364116726
4.963813813985325,54,574,5,46,-10.804465597152968,-8.32888030581308,-0.7677817568784514,2.4755852913398826
4.983854388992768,55,575,1,46,-10.739456219878292,-8.27567088179023,-0.7677817568784514,2.4637853380880586
5.0038111170288175,55,576,2,46,-10.666764554204113,-8.230545418369587,-0.7677817568784514,2.436219135834534
5.023813483014237,55,577,3,46,-10.661510831520738,-8.214187225747397,-0.7677817568784514,2.4473236057733345
5.043815418030135,55,578,4,46,-10.660225049835892,-8.221877536896356,-0.7677817568784514,2.4383475129395435
5.063813487009611,55,579,5,46,-10.635116126388306,-8.220324830414185,-0.7677817568784514,2.414791295974112
5.083813228004146,56,580,1,46,-10.536027610492678,-8.17674771767832,-0.7677817568784514,2.3592798928143566
5.103810572996736,56,581,2,46,-10.426229353102466,-8.167268204524582,-0.7677817568784514,2.258961148577896
5.123813446029089,56,582,3,46,-10.398368267915005,-8.18298315612161,-0.7677817568784514,2.2153851117934096
5.143808018008713,56,583,4,46,-10.362130329418383,-8.197276204332532,-0.7677817568784514,2.1648541250858386
5.163809988996945,56,584,5,46,-10.296744072951704,-8.210770228059548,-0.7677817568784514,2.085973844892152
5.1838105419883505,57,585,1,46,-10.149091048042177,-8.213996762642159,-0.7677817568784514,1.9350942854000266
5.203807151003275,57,586,2,46,-9.985763811960075,-8.208598491477478,-0.7677817568784514,1.7771653204825952
5.223809430026449,57,587,3,46,-9.921309596726944,-8.204901483099459,-0.7677817568784514,1.7164081136274945
5.243806243990548,57,588,4,46,-9.859451958281062,-8.207191639920092,-0.7677817568784514,1.652260318360959
5.263817858998664,57,589,5,46,-9.790349776904982,-8.215388639717933,-0.7677817568784514,1.5749611371870458
5.283807959989645,58,590,1,46,-9.668694768987207,-8.219176078502796,-0.7677817568784514,1.4495186904844104
5.303807086020242,58,591,2,46,-9.545382880122292,-8.217314484273246,-0.7677817568784514,1.3280683958490442
5.323810308997054,58,592,3,46,-9.541913469873691,-8.217333570635557,-0.7677817568784514,1.324579899238131
5.343812723993324,58,593,4,46,-9.53308131403044,-8.218026645219181,-0.7677817568784514,1.315054668811257
5.363807893998455,58,594,5,46,-9.507283210027039,-8.218621857312243,-0.7677817568784514,1.2886613527147972
5.383808653976303,59,595,1,46,-9.37974130858576,-8.210324918157806,-0.7677817568784514,1.1694163904279549
5.403806084010284,59,596,2,46,-9.246162333908218,-8.201141509769963,-0.7677817568784514,1.0450208241382484
5.423810761014465,59,597,3,46,-9.229969606136068,-8.206194714754265,-0.7677817568784514,1.0237748913818052
5.443806010007393,59,598,4,46,-9.196347545499425,-8.19260160918649,-0.7677817568784514,1.0037459363129244
5.463808248983696,59,599,5,46,-9.136861096685454,-8.171801623343173,-0.7677817568784514,0.9650594733422793
5.483808080025483,60,600,1,46,-8.978434490352754,-8.157115500638573,-0.7677817568784514,0.8213189897141717
5.503807115019299,60,601,2,46,-8.805225367656039,-8.143267095882177,-0.7677817568784514,0.6619582717738695
5.523813582025468,60,602,3,46,-8.756034804517586,-8.130080840166418,-0.7677817568784514,0.6259539643511687
5.543808967981022,60,603,4,46,-8.701782304338598,-8.1100246685048,-0.7677817568784514,0.591757635833801
5.563806914025918,60,604,5,46,-8.643293109564343,-8.088003194601406,-0.7677817568784514,0.5552899149629411
5.583807666029315,61,605,1,46,-8.537208414233644,-8.066646515646916,-0.7677817568784514,0.47056189858673747
5.603809028980322,61,606,2,46,-8.44224255180061,-8.033024889150985,-0.7677817568784514,0.4092176626496382
5.623811209981795,61,607,3,46,-8.504948125181071,-8.014744360541004,-0.7677817568784514,0.4902037646400572
5.643808695022017,61,608,4,46,-8.54956809167482,-7.989693172467063,-0.7677817568784514,0.5598749192077435
5.663818123983219,61,609,5,46,-8.567204902374622,-7.964509061525629,-0.7677817568784514,0.6026958408489804
5.683807473978959,62,610,1,46,-8.450145893317297,-7.948381758862601,-0.7677817568784514,0.501764134454703
5.703808750025928,62,611,2,46,-8.326300883176941,-7.928307574411663,-0.7677817568784514,0.3979933087652796
5.723811829986516,62,612,3,46,-8.341109175704771,-7.907166439414299,-0.7677817568784514,0.43394273629047575
5.743809428997338,62,613,4,46,-8.34118608692899,-7.888121619818087,-0.7677817568784514,0.45306446711089166
5.763808358984534,62,614,5,46,-8.313261744668337,-7.869153694449249,-0.7677817568784514,0.4441080502190857
5.783814810973126,63,615,1,46,-8.21800327004441,-7.849976768041357,-0.7677817568784514,0.36802650200306175
5.803809028991964,63,616,2,46,-8.12823137688794,-7.831668171570323,-0.7677817568784514,0.29656320531762503
5.823814196977764,63,617,3,46,-8.191058468746602,-7.832048278611771,-0.7677817568784514,0.3590101901348248
5.843809088983107,63,618,4,46,-8.230693943238215,-7.831559704814979,-0.7677817568784514,0.3991342384232439
5.863811778021045,63,619,5,46,-8.22237349237399,-7.821443441092192,-0.7677817568784514,0.40093005128179016
5.883819444978144,64,620,1,46,-8.116537861034757,-7.812278898640247,-0.7677817568784514,0.3042589623944991
5.903807328024413,64,621,2,46,-8.01854704098636,-7.795044563584101,-0.7677817568784514,0.22350247740226337
5.923809939005878,64,622,3,46,-8.069098587742287,-7.790734300050299,-0.7677817568784514,0.27836428769199983
5.943807000003289,64,623,4,46,-8.096205539925407,-7.79920329689201,-0.7677817568784514,0.29700224303340406
5.963812117988709,64,624,5,46,-8.077063525200016,-7.811120731276175,-0.7677817568784514,0.26594279392384124
5.983807830023579,65,625,1,46,-7.9794619173774946,-7.819347178715211,-0.7677817568784514,0.16011473866228698
6.003805743996054,65,626,2,46,-7.890577214344493,-7.805471703650694,-0.7677817568784514,0.08510551069380767
6.023810811981093,65,627,3,46,-7.940273345180747,-7.797967797045931,-0.7677817568784514,0.14230554813482854
6.04380546201719,65,628,4,46,-7.966917814398525,-7.813888227417262,-0.7677817568784514,0.1530295869812619
6.0638071519788355,65,629,5,46,-7.950284348427592,-7.828898515355056,-0.7677817568784514,0.12138583307253725
6.083810950978659,66,630,1,46,-7.876787053562881,-7.84803844907299,-0.7677817568784514,0.02874860448989125
6.103808404004667,66,631,2,46,-7.829125365699276,-7.868126523223291,-0.7677817568784514,0.03900115752401234
6.123806632007472,66,632,3,46,-7.914314622430335,-7.908189789948651,-0.7677817568784514,0.0061248324816745026
6.143805889994837,66,633,4,46,-7.983172998683971,-7.935531383232878,-0.7677817568784514,0.04764161545108436
6.163808213023003,66,634,5,46,-8.005485001611031,-7.953131272152046,-0.7677817568784514,0.052353729458985754
6.183806104992982,67,635,1,46,-7.947791088322844,-7.971814566377264,-0.7677817568784514,0.02402347805443128
6.203806912002619,67,636,2,46,-7.9242335258745955,-8.00316809044439,-0.7677817568784514,0.0789345645698063
6.2238072680193,67,637,3,46,-8.034947701249346,-8.064459599747803,-0.7677817568784514,0.02951189849846969
6.243806778977159,67,638,4,46,-8.130618431922231,-8.123764419461525,-0.7677817568784514,0.0068540124607068265
6.263807836978231,67,639,5,46,-8.179733401597728,-8.196417972250229,-0.7677817568784514,0.016684570652500952
6.283807362022344,68,640,1,46,-8.161213853120735,-8.256369589773104,-0.7677817568784514,0.09515573665237298
6.30380710499594,68,641,2,46,-8.186646884046281,-8.315914390091526,-0.7677817568784514,0.12926750604523818
6.323810547997709,68,642,3,46,-8.347828977126701,-8.400414907441226,-0.7677817568784514,0.05258593031453529
6.343805813987274,68,643,4,46,-8.496624856276599,-8.46385898234853,-0.7677817568784514,0.03276587392807073
6.363805306027643,68,644,5,46,-8.60358444046794,-8.508942929949614,-0.7677817568784514,0.09464151051832914
6.383809811028186,69,645,1,46,-8.654540270147734,-8.54914588907363,-0.7677817568784514,0.10539438107409183
6.403811155993026,69,646,2,46,-8.75999626992024,-8.593143904071004,-0.7677817568784514,0.16685236584922336
6.423808461986482,69,647,3,46,-8.991335445655135,-8.641834615712353,-0.7677817568784514,0.34950082994276954
6.4438074009958655,69,648,4,46,-9.192886863511584,-8.671934078223373,-0.7677817568784514,0.5209527852882161
6.463809374021366,69,649,5,46,-9.333059179849531,-8.690175062264236,-0.7677817568784514,0.6428841175852824
6.484131096978672,70,650,1,46,-9.380486793248886,-8.702153096607852,-0.7677817568784514,0.6783336966410332
6.50384577002842,70,651,2,46,-9.464659170044085,-8.727779503922436,-0.7677817568784514,0.7368796661216379
6.523814229003619,70,652,3,46,-9.639809583858952,-8.753962043296095,-0.7677817568784514,0.8858475405628496
6.543806258996483,70,653,4,46,-9.76171865963829,-8.77159612311415,-0.7677817568784514,0.9901225365241544
6.563810298976023,70,654,5,46,-9.804905431469278,-8.77875274532754,-0.7677817568784514,1.026152686141728
6.58380964002572,71,655,1,46,-9.789346605643926,-8.784669984217238,-0.7677817568784514,1.0046766214266825
6.603808083978947,71,656,2,46,-9.796494610274912,-8.800123040972647,-0.7677817568784514,0.996371569302255
6.62380642601056,71,657,3,46,-9.873791312355449,-8.826829097186884,-0.7677817568784514,1.046962215168577
6.6438094730256125,71,658,4,46,-9.907422587453212,-8.835371784313642,-0.7677817568784514,1.0720508031395752
6.66380721697351,71,659,5,46,-9.881560839898205,-8.843242994399576,-0.7677817568784514,1.038317845498625
6.683809532027226,72,660,1,46,-9.852757750649129,-8.835188896008956,-0.7677817568784514,1.0175688546401602
6.703808507998474,72,661,2,46,-9.879956861178194,-8.793997442152104,-0.7677817568784514,1.0859594190260964
6.723810299008619,72,662,3,46,-10.008708317971276,-8.80546028554277,-0.7677817568784514,1.2032480324285189
6.743807649996597,72,663,4,46,-10.105580207480317,-8.813379353383194,-0.7677817568784514,1.292200854097132
6.76380627497565,72,664,5,46,-10.142761638548363,-8.817746774483155,-0.7677817568784514,1.3250148640651958
6.783808669017162,73,665,1,46,-10.092873155497841,-8.821381454483724,-0.7677817568784514,1.2714917010141278
6.803807712974958,73,666,2,46,-10.093752103687578,-8.84379561778322,-0.7677817568784514,1.249956485904363
6.823807512992062,73,667,3,46,-10.191037127055177,-8.864183729680546,-0.7677817568784514,1.3268533973746344
6.843809252022766,73,668,4,46,-10.260231218220001,-8.870183720336708,-0.7677817568784514,1.3900474978833017
6.863808314024936,73,669,5,46,-10.275745673360756,-8.874085015159213,-0.7677817568784514,1.4016606582015356
6.883807195990812,74,670,1,46,-10.224196549953897,-8.878398230054776,-0.7677817568784514,1.3457983198991315
6.903808738978114,74,671,2,46,-10.217631763793463,-8.847314691963385,-0.7677817568784514,1.3703170718300726
6.923809248022735,74,672,3,46,-10.309781474220017,-8.856832780756319,-0.7677817568784514,1.4529486934636964
6.94380915898364,74,673,4,46,-10.372502002443502,-8.860513945212675,-0.7677817568784514,1.5119880572308375
6.963808636995964,74,674,5,46,-10.381534685623798,-8.862142629467407,-0.7677817568784514,1.5193920561563914
6.983812800026499,75,675,1,46,-10.320759000462427,-8.865734227907748,-0.7677817568784514,1.4550247725546797
7.003810657013673,75,676,2,46,-10.303010046650169,-8.831877344167324,-0.7677817568784514,1.4711327024828336
7.023809603997506,75,677,3,46,-10.384869583529273,-8.815404915968102,-0.7677817568784514,1.5694646675611637
7.043808003014419,75,678,4,46,-10.44358622527287,-8.815144933469806,-0.7677817568784514,1.6284412918030569
7.063806697027758,75,679,5,46,-10.457062008734786,-8.817727032413229,-0.7677817568784514,1.6393349763215497
7.083808226976544,76,680,1,46,-10.398374686422041,-8.82656609785875,-0.7677817568784514,1.5718085885633002
7.103810350992717,76,681,2,46,-10.376542871918698,-8.83807365515651,-0.7677817568784514,1.538469216762195
7.123811186000239,76,682,3,46,-10.448055651667651,-8.847272119435319,-0.7677817568784514,1.6007835322323274
7.1438104350236244,76,683,4,46,-10.50353280306851,-8.859060812144017,-0.7677817568784514,1.644471990924501
7.163807542005088,76,684,5,46,-10.52621334332211,-8.86995054500371,-0.7677817568784514,1.6562627983184086
7.183806065004319,77,685,1,46,-10.475986859959368,-8.877260009648282,-0.7677817568784514,1.5987268503110954
7.20380610000575,77,686,2,46,-10.459657263062411,-8.87862897607434,-0.7677817568784514,1.5810282869880723
7.223815353994723,77,687,3,46,-10.528112269971185,-8.896017732467174,-0.7677817568784514,1.6320945375040026
7.243809457984753,77,688,4,46,-10.58210248295335,-8.917652517720214,-0.7677817568784514,1.664449965233132
7.2638074869755656,77,689,5,46,-10.607255867837784,-8.931979924892701,-0.7677817568784514,1.6752759429450919
7.2838477219920605,78,690,1,46,-10.549379293967661,-8.943063925140892,-0.7677817568784514,1.6063153688267562
7.303844214999117,78,691,2,46,-10.519844307076966,-8.944611952915002,-0.7677817568784514,1.5752323541619546
7.3238128300290555,78,692,3,46,-10.578964283171429,-8.947603739090802,-0.7677817568784514,1.6313605440806214
7.343809302023146,78,693,4,46,-10.620281259406832,-8.957641214028643,-0.7677817568784514,1.6626400453781969
7.363822589977644,78,694,5,46,-10.634619760567942,-8.954390368048479,-0.7677817568784514,1.6802293925194647
7.383814227010589,79,695,1,46,-10.566017463436978,-8.946896276061407,-0.7677817568784514,1.6191211873755833
7.403811393014621,79,696,2,46,-10.518335146357046,-8.937237007504317,-0.7677817568784514,1.5810981388527239
7.423810586973559,79,697,3,46,-10.559206694453527,-8.93589751580507,-0.7677817568784514,1.6233091786484692
7.443809540010989,79,698,4,46,-10.587221204301052,-8.93046267075872,-0.7677817568784514,1.6567585335423303
7.463808668020647,79,699,5,46,-10.594729077112989,-8.924268055386367,-0.7677817568784514,1.6704610217266236
7.483811127021909,80,700,1,46,-10.520879969912105,-8.919667502809371,-0.7677817568784514,1.6012124671027266
7.5038061439991,80,701,2,46,-10.462039421220911,-8.91026145357845,-0.7677817568784514,1.5517779676424652
7.523807267018128,80,702,3,46,-10.488659672442209,-8.89053090117749,-0.7677817568784514,1.5981287712647259
7.543807138979901,80,703,4,46,-10.505470692912162,-8.868172137091896,-0.7677817568784514,1.63729855582028
7.563806259015109,80,704,5,46,-10.507696997327344,-8.854624995538785,-0.7677817568784514,1.6530720017885585
7.583809965988621,81,705,1,46,-10.427851439226266,-8.850652640370932,-0.7677817568784514,1.5771987988553349
7.603814623027574,81,706,2,46,-10.357363587913156,-8.846104504352873,-0.7677817568784514,1.511259083560276
7.623810166027397,81,707,3,46,-10.364483615488671,-8.829472466589214,-0.7677817568784514,1.5350111488994571
7.643824359984137,81,708,4,46,-10.36252102758355,-8.809115433839239,-0.7677817568784514,1.5534055937443156
7.663808487006463,81,709,5,46,-10.350108019247735,-8.804057708063599,-0.7677817568784514,1.546050311184132
7.6838582350173965,82,710,1,46,-10.255970452269455,-8.806102884884197,-0.7677817568784514,1.4498675673852688
7.703811505984049,82,711,2,46,-10.164499671254173,-8.803323864170203,-0.7677817568784514,1.3611758070839812
7.7238139800028875,82,712,3,46,-10.142336440539687,-8.78593440112613,-0.7677817568784514,1.3564020394135525
7.743808303028345,82,713,4,46,-10.115673732297502,-8.758147091894653,-0.7677817568784514,1.3575266404028525
7.76381059299456,82,714,5,46,-10.089068810103202,-8.755433858645176,-0.7677817568784514,1.3336349514580377
7.7838080010260455,83,715,1,46,-9.99459222316564,-8.750060611259002,-0.7677817568784514,1.2445316119066376
7.803841281973291,83,716,2,46,-9.90404797127027,-8.700061456332984,-0.7677817568784514,1.2039865149372986
7.823809219000395,83,717,3,46,-9.880215349549783,-8.643256058157826,-0.7677817568784514,1.236959291391969
7.843808348989114,83,718,4,46,-9.854085806592234,-8.611455908930061,-0.7677817568784514,1.2426298976621695
7.863806016976014,83,719,5,46,-9.829717676048485,-8.574069226558791,-0.7677817568784514,1.2556484494896836
7.88385656097671,84,720,1,46,-9.728082180058351,-8.495804925881325,-0.7677817568784514,1.2322772541770348
7.9038056139834225,84,721,2,46,-9.62791830318363,-8.312359754033778,-0.7677817568784514,1.3155585491498414
7.92380987200886,84,722,3,46,-9.590033424981554,-8.164567688747177,-0.7677817568784514,1.4254657362343721
7.943806610011961,84,723,4,46,-9.551519198406314,-8.14057569827298,-0.7677817568784514,1.4109435001333281
7.9638084640027955,84,724,5,46,-9.517336432278784,-8.135198614087265,-0.7677817568784514,1.3821378181915236
7.983807199983858,85,725,1,46,-9.411946542281663,-8.13181860819346,-0.7677817568784514,1.280127934088199
8.00380765099544,85,726,2,46,-9.30724071117239,-8.022809730720278,-0.7677817568784514,1.2844309804521004
8.023809398990124,85,727,3,46,-9.262500071135719,-7.964965024704808,-0.7677817568784514,1.2975350464309088
8.043805993977003,85,728,4,46,-9.217688781875546,-7.938908132031379,-0.7677817568784514,1.2787806498441796
8.063805565994699,85,729,5,46,-9.178093751848646,-7.881633086447097,-0.7677817568784514,1.296460665401554
8.083812318975106,86,730,1,46,-9.065729934679295,-7.7993708169541645,-0.7677817568784514,1.2663591177251305
8.103812027024105,86,731,2,46,-8.952379685595998,-7.582429795958451,-0.7677817568784514,1.369949889637553
