generation,t_s,facing_world_deg,raw_end_world_deg,raw_min_world_deg,raw_max_world_deg,raw_closest_facing_gap_deg,raw_first_within_1deg_s,resampled_first_within_1deg_s,generation_offset_frames,unblended_hit_aligned_to_merged_s,max_active_frame,input_wire_max_component_gap,recovered_world_facing_gap_deg,planning_ms,inference_ms,merge_after_plan_end_ms
6,0.06380654498934746,-1.3829046202390316,-0.7807527250075452,-0.7807527250075452,0.473511880439645,0.602151895231458,0.0,0.0,2,0.04,5,0.0,8.257217132268124e-09,7.974573003593832,7.947,0.8637279970571399
7,0.16381076199468225,-2.385978743188076,-2.1231881361723595,-2.1231881361723595,-0.027786738486952345,0.26279060701571666,1.2666666666666666,1.26,2,1.3,5,0.0,2.5479693022134597e-08,6.35749998036772,6.304,0.5525400047190487
8,0.2638088170206174,-3.388658828746941,-3.0204079682508223,-3.0204079682508223,-0.06545498514415726,0.36825086049611855,1.3333333333333333,1.32,2,1.36,5,0.0,1.1958383083765511e-07,7.936724985484034,7.909,0.8534099906682968
9,0.36381017102394253,-4.3919265926246,-4.018323503647139,-4.018323503647139,-0.008649820309784673,0.3736030889774895,1.3333333333333333,1.34,2,1.38,5,0.0,2.0573452275129966e-07,7.1468770038336515,7.119,1.3780529843643308
10,0.46381099900463596,-5.119776405968736,-4.743462537743113,-4.743462537743113,-0.029265996926909565,0.3763138682256226,1.3333333333333333,1.32,2,1.36,5,0.0,1.6948041547948378e-07,8.944636967498809,8.914,1.5478590503335
11,0.5638092680019327,-4.8803751010115946,-4.579915799329939,-4.579915799329939,-0.06965045776826173,0.3004593016816557,1.3333333333333333,1.34,2,1.38,5,0.0,1.7238599525626341e-07,8.470961009152234,8.428,0.864521018229425
12,0.663810309022665,-4.804103374408015,-4.705171856223416,-4.705171856223416,-0.14298930640103436,0.09893151818457113,1.3,1.3,2,1.34,5,0.0,5.8715443174151005e-08,6.353441975079477,6.312,0.5406190175563097
13,0.7638075710274279,-4.782281620789547,-4.736116471758322,-4.736116471758322,-0.11944527429315599,0.04616514903122493,1.3,1.3,2,1.34,6,0.0,1.4553953064933012e-07,8.636804996058345,8.596,0.8791830041445792
14,0.8656048689736053,-4.737773633779881,-4.804460909276742,-4.804460909276742,0.03217292586782605,0.06668727549686082,1.3,1.28,2,1.32,4,0.0,7.407038538076449e-08,6.912278011441231,6.877,12.552080035675317
15,0.9638083520112559,-4.681776660615526,-4.892366119684596,-4.892366119684596,0.08630586663346662,0.0009837839816952965,1.2666666666666666,1.26,2,1.3,5,0.0,9.598636552254902e-08,9.17276699328795,9.146,1.573643006850034
16,1.0638077260227874,-4.644183918435431,-4.798535883925581,-4.798535883925581,0.19089625550236633,0.0284655912457481,1.2333333333333334,1.24,2,1.28,5,0.0,1.771428230767924e-07,7.992587983608246,7.96,0.855143996886909
17,1.163815247011371,-4.572451380435012,-4.809992171483032,-4.809992171483032,0.20856672140467936,0.05281739918368089,1.2333333333333334,1.22,2,1.26,5,0.0,2.874469373637112e-08,6.3488559680990875,6.313,0.5338350310921669
18,1.263809634023346,-4.57687600230733,-4.838201790997999,-4.838201790997999,0.18531137526150587,0.07353502926000033,1.2333333333333334,1.22,2,1.26,5,0.0,9.007953849504702e-08,8.057493949308991,8.014,0.8550260099582374
19,1.3638090969761834,-4.582027052889458,-4.862029054653789,-4.862029054653789,0.16439601024470107,0.0742259947055004,1.2333333333333334,1.22,2,1.26,5,0.0,2.1106131953274598e-07,8.08879901887849,8.037,0.8586060139350593
20,1.463811862980947,-4.511454775521088,-4.841892758338588,-4.841892758338588,0.13308089175524174,0.0458134235645673,1.2333333333333334,1.22,2,1.26,5,0.0,1.8220211472907977e-07,9.99915401916951,9.942,0.8795540197752416
21,1.5638070150162093,-4.455543133081193,-4.830342046288308,-4.830342046288308,0.07706517579828187,0.028977130771068005,1.2,1.2,2,1.24,5,0.0,1.3982850077809417e-07,8.458366966806352,8.422,0.8569350466132164
22,1.663806579017546,-4.4204011798059355,-4.865701998069852,-4.865701998069852,0.0031089068066307846,0.014042609056900801,1.2666666666666666,1.24,2,1.28,5,0.0,6.606896363337e-08,7.072107982821763,7.038,0.5311879795044661
23,1.7638068220112473,-4.402622935730335,-4.975320467865686,-4.975320467865686,-0.08122252895478255,0.05914238964362539,1.2333333333333334,1.24,2,1.28,5,0.0,4.062471248289512e-08,8.793956018052995,8.755,0.5486109876073897
24,1.8638113479828462,-4.373236599477281,-4.990839697406926,-4.990839697406926,-0.09585755685213826,0.0016515883260410646,1.2333333333333334,1.22,2,1.26,5,0.0,1.2179935993117397e-07,8.129830996040255,8.1,0.8610700024291873
25,1.9638090319931507,-4.335142337774357,-4.953046571088834,-4.953046571088834,-0.1777539641900603,0.05198698874778529,1.2,1.2,2,1.24,5,0.0,9.92912418951164e-09,7.87736801430583,7.842,2.7742140227928758
26,2.063809257990215,-4.37179227218158,-5.016703153484542,-5.016703153484542,-0.2925742501935247,0.06558254404779973,1.2,1.2,2,1.24,5,0.0,8.769472970016068e-08,8.122361032292247,8.078,0.8541509741917253
27,2.1638087590108626,-4.453690852593496,-5.172162050858049,-5.172162050858049,-0.4949713439236234,0.03514342997564768,1.1666666666666667,1.18,2,1.22,5,0.0,3.6186719398756395e-08,6.455363996792585,6.417,0.547810981515795
28,2.263812233984936,-4.542065744370973,-5.3570861505778,-5.3570861505778,-0.7065527119238197,0.013823459956370243,1.1333333333333333,1.14,2,1.18,5,0.0,5.413670578491292e-08,7.307779043912888,7.26,1.29217398352921
29,2.3638087490107864,-4.838524300589995,-5.779550592694932,-5.779550592694932,-1.008714668193761,0.018622074099255315,1.0666666666666667,1.06,2,1.1,5,0.0,2.433332895179774e-07,8.155367977451533,8.109,0.8521000272594392
30,2.4638086520135403,-5.19322129011158,-6.249684408314209,-6.249684408314209,-1.4730644488807911,0.0760496835727622,1.0333333333333334,1.04,2,1.08,5,0.0,1.1630149288066605e-07,10.040279012173414,10.008,0.8639379520900548
31,2.563811676984187,-5.328463517501206,-6.596851813818262,-6.596851813818262,-2.058489032864685,0.07111494456222545,0.5666666666666667,0.56,2,0.6,5,0.0,1.8411057567391254e-07,7.80209299409762,7.768,1.3190690078772604
32,2.663808565994259,-5.8400574136403804,-7.453582493478962,-7.453582493478962,-2.623591267259684,0.01207820772674495,0.4666666666666667,0.48,2,0.52,5,0.0,5.4972048246781924e-08,6.4947500359267,6.466,0.5329539999365807
33,2.7638087089871988,-6.563583268511309,-8.528127901958811,-8.528127901958811,-3.3768937246573785,0.12423915912046368,0.4,0.38,2,0.42,5,0.0,6.04771628331946e-08,8.50023201201111,8.464,0.8546820026822388
34,2.863811202987563,-7.339189531026818,-9.484957000084393,-9.484957000084393,-4.313657572262571,0.09453033759365326,0.4,0.4,2,0.44,5,0.0,7.551480507572705e-08,7.034778012894094,7.005,1.3101639924570918
35,2.9638117260183208,-7.95625576672785,-10.249250324614223,-10.249250324614223,-5.24374429220623,0.04364911274345218,0.26666666666666666,0.26,2,0.3,5,0.0,3.282835621121194e-07,8.030224998947233,7.995,2.6689390069805086
36,3.06381305801915,-8.457278231888694,-10.63659584280299,-10.63659584280299,-6.079868856915851,0.0006897176581901476,0.13333333333333333,0.12,2,0.16,5,0.0,2.0597184402504354e-07,8.12607497209683,8.089,0.8663340122438967
37,3.163812257000245,-8.903366393822978,-11.064114771489756,-11.271223427635817,-7.0656353867620965,0.05924311400787019,0.06666666666666667,0.06,2,0.1,5,0.0,6.871738378322334e-08,6.481222982984036,6.45,0.5297189927659929
38,3.263812295976095,-9.488931978162498,-11.638660549310316,-12.293979557309399,-8.17493220412473,0.10682829810392036,0.03333333333333333,0.04,2,0.08,5,0.0,3.189235826539516e-07,7.540251011960208,7.498,1.2682740343734622
39,3.3638086569844745,-10.28023758629567,-12.313655756525435,-13.128121629397242,-9.163414857482138,0.02836132408660319,0.03333333333333333,0.02,2,0.06,5,0.0,5.120809589698183e-07,7.377309026196599,7.34,1.3340970035642385
40,3.463809870008845,-11.082953456314556,-12.896220677743798,-14.26114196600048,-10.10433115464923,0.022027472978436435,0.0,0.0,2,0.04,5,0.0,7.78067033024854e-09,7.637574977707118,7.604,2.7216660091653466
41,3.5638079210184515,-11.978579032398954,-13.578459460431958,-15.004040114109472,-11.060756274085122,0.0576181466310004,0.0,0.0,2,0.04,5,0.0,3.0777565029893594e-07,8.177337993402034,8.151,0.854882993735373
42,3.6638126369798556,-12.98178237841745,-14.51058563376563,-14.672540521650177,-12.018828849776583,0.030381965397168642,0.0,0.0,2,0.04,5,0.0,5.158890132861416e-07,6.5668110037222505,6.531,1.1896250071004033
43,3.7638078730087727,-13.985099687040218,-15.366060906444204,-15.366060906444204,-12.16992146323932,0.010111975880931823,0.43333333333333335,0.42,2,0.46,5,0.0,2.8758796588590485e-07,8.145893982145935,8.119,0.9852710063569248
44,3.863807881018147,-14.55695535604292,-15.554082515367242,-15.554082515367242,-12.09470835332695,0.03613892800839835,0.4666666666666667,0.48,2,0.52,5,0.0,1.7233926996595983e-07,6.986660009715706,6.956,1.356930995825678
45,3.963808792992495,-14.777512741451574,-15.511272385636573,-15.511272385636573,-11.855997263084475,0.01253735987054938,0.5333333333333333,0.52,2,0.56,5,0.0,2.8595394496733206e-08,8.191831002477556,8.155,1.454032026231289
46,4.063808345992584,-14.874497968818702,-15.324547591698177,-15.324547591698177,-11.492022107232714,0.0014784011831920907,0.5666666666666667,0.54,2,0.58,5,0.0,3.972124602569238e-07,8.18325998261571,8.151,0.8576340042054653
47,4.163810222991742,-14.697508086372295,-14.913444821288806,-14.913444821288806,-11.043704386900941,0.06385191124184075,0.5666666666666667,0.58,2,0.62,5,0.0,1.221195589096169e-09,7.045008998829871,7.012,0.5318649928085506
48,4.263808687974233,-14.616737053012287,-14.601301564082007,-14.601301564082007,-10.539988618575507,0.015435488930279462,0.6,0.6,2,0.64,5,0.0,2.4218633143391344e-07,8.258072019089013,8.212,0.8563619921915233
49,4.363809622998815,-14.539174459209278,-14.189134354368662,-14.189134354368662,-9.96887195538838,0.3500401048406161,1.3,1.28,2,1.32,5,0.0,2.9538347234847606e-07,7.123798015527427,7.087,1.512851973529905
50,4.463807174994145,-14.419849374069116,-13.72585260689823,-14.561114256581163,-10.64657925700351,0.02932679983791786,0.5333333333333333,0.52,2,0.56,6,0.0,5.454037932395295e-07,9.821454994380474,9.791,0.87169703328982
51,4.5656259849783964,-14.32363338448971,-13.013311926824713,-13.986695682560452,-10.582570602622127,0.33693770192928696,0.5333333333333333,0.54,2,0.58,4,0.0,7.182344461398316e-07,7.011449022684246,6.976,12.328105978667736
52,4.663810695987195,-14.125143535823497,-12.769254501168177,-13.85693635941638,-10.496710590811063,0.2682071764071168,0.5333333333333333,0.54,2,0.58,5,0.0,1.806594411846163e-07,6.190349988173693,6.161,1.082860049791634
53,4.763809662021231,-13.881759541979392,-12.188077640726448,-13.186424229519048,-10.077925529297175,0.6953353124603439,0.5666666666666667,0.58,2,0.62,5,0.0,2.8153579023637576e-07,6.7812909837812185,6.744,1.9903189968317747
54,4.863810066017322,-13.767859074915435,-11.769741864280917,-12.780906551948249,-9.844183079348767,0.9869525229671581,0.6333333333333333,,2,,5,0.0,1.374096427753102e-07,7.147122989408672,7.113,1.278312993235886
55,4.96381426602602,-13.398731915200301,-11.224976832953956,-12.194285634716834,-9.446803100351815,1.204446280483495,,,2,,5,0.0,5.933264901614166e-08,9.250011993572116,9.205,1.4674739795736969
56,5.06381052400684,-13.22187741088976,-11.134287830804737,-11.651838201045024,-8.852353499349675,1.5700392098447367,,,2,,5,0.0,1.2600659715644724e-07,7.647274993360043,7.594,1.351248996797949
57,5.163808558019809,-13.197276188465906,-11.1499876544365,-11.4987565189343,-8.70295066540234,1.6985196695316063,,,2,,5,0.0,1.586661824148905e-08,6.66659401031211,6.633,0.5387259880080819
58,5.263817963015754,-13.207191301173822,-11.099036413917617,-11.099036413917617,-8.374384681368866,2.1081548872562053,,,2,,5,0.0,3.3874627547447744e-07,7.662754971534014,7.627,1.2104299967177212
59,5.3638072030153126,-13.218026901210607,-11.151140577459387,-11.151140577459387,-7.730541154570403,2.0668863237512483,,,2,,5,0.0,2.55991437825287e-07,7.593959977384657,7.56,1.2894769897684455
60,5.463821551005822,-13.19260121791541,-11.104360749714658,-11.336383228931567,-8.021057156860309,1.8562179889838433,,,2,,5,0.0,3.9127107243075443e-07,7.83161201979965,7.785,2.6654439861886203
61,5.5638097249902785,-13.110024356275005,-10.876609614506378,-10.876609614506378,-7.658690091837627,2.2334147417686268,,,2,,5,0.0,3.1222978691403114e-07,8.29309702385217,8.257,0.8594699902459979
62,5.663816537009552,-12.98969316746144,-10.82955472939858,-10.82955472939858,-7.710701567962957,2.1601384380628588,,,2,,5,0.0,5.005631464882754e-09,7.811770017724484,7.78,0.5324359517544508
63,5.7638073959969915,-12.888121714437204,-10.647873291979863,-10.647873291979863,-7.5900827618435756,2.2402484224573413,,,2,,5,0.0,9.461911076869001e-08,9.006040985696018,8.978,0.5399700021371245
64,5.863967308017891,-12.831559783845023,-10.581613832643228,-10.581613832643228,-7.269890839348392,2.2499459512017665,,,2,,5,0.0,7.903005894149828e-08,7.477482955437154,7.447,1.370751007925719
65,5.9638087740167975,-12.799203265564131,-10.630419496825084,-10.630419496825084,-7.376436866172298,2.168783768739047,,,2,,5,0.0,3.132788606308168e-08,10.26175101287663,10.227,0.8580689900554717
66,6.0638069360284135,-12.813888505775793,-10.697725814585397,-10.697725814585397,-7.605162206694416,2.1161626911903966,,,2,,5,0.0,2.783585273391509e-07,7.6549609657377005,7.623,1.3034840230830014
67,6.163843292975798,-12.935531149900669,-10.782946579725888,-10.782946579725888,-7.924234580785765,2.152584570174781,,,2,,5,0.0,2.3333220156018797e-07,6.634376011788845,6.605,0.5311110289767385
68,6.263810318021569,-13.12376410339516,-11.082475763386697,-11.69014224549582,-8.1866471828628,1.4336218578993396,,,2,,5,0.0,3.160663766266225e-07,7.662191987037659,7.636,1.3033580034971237
69,6.36380981997354,-13.4638593579229,-11.455927137148706,-11.455927137148706,-8.759995772722561,2.007932220774194,,,2,,5,0.0,3.7557435916824033e-07,7.620478048920631,7.589,1.2984549975953996
70,6.463808092987165,-13.67193347181427,-11.894347270547627,-11.894347270547627,-8.737355163617224,1.7775862012666153,,,2,,5,0.0,6.064090882773598e-07,8.874293009284884,8.842,1.5983640332706273
71,6.563813842018135,-13.771596076402147,-12.14374646611438,-12.14374646611438,-9.146134559226027,1.6278496102877966,,,2,,5,0.0,4.671198894357076e-08,7.603303994983435,7.567,1.3188080047257245
72,6.663811782025732,-13.835371110378247,-12.154176724635818,-12.154176724635818,-9.245885405386332,1.6811943857424012,,,2,,5,0.0,6.739354034834832e-07,6.97390700224787,6.937,1.3186599826440215
73,6.763810524018481,-13.813379444120613,-12.225348037025384,-12.225348037025384,-9.340049515930048,1.5880314070952295,,,2,,5,0.0,9.073741580323258e-08,7.532796007581055,7.486,1.8892899970524013
74,6.8638241100125015,-13.870183624422225,-12.234833107311403,-12.234833107311403,-9.437728445651544,1.6353505171108225,,,2,,5,0.0,9.591448701939953e-08,7.155039987992495,7.125,1.4528849860653281
75,6.9638098099967465,-13.860514584078231,-12.230285512891527,-12.230285512891527,-9.461298076581954,1.6302290711867329,,,2,,5,0.0,6.38865543578504e-07,9.072572982404381,9.042,1.9160020165145397
76,7.063810175983235,-13.815144818649003,-12.191561757060896,-12.191561757060896,-9.579394687649227,1.623583061588107,,,2,,5,0.0,1.1482080708447029e-07,8.374622033443302,8.347,0.861160981003195
77,7.163807726989035,-13.85906078466843,-12.192224356671403,-12.192224356671403,-9.587255899776522,1.6668364279970262,,,2,,5,0.0,2.747557914517529e-08,6.717873038724065,6.69,0.5344199598766863
78,7.2638064619968645,-13.896017739916658,-12.169766670033113,-12.169766670033113,-9.525404149920462,1.726251069883574,,,2,,5,0.0,7.449472150256042e-09,7.669446989893913,7.643,1.3202530099079013
79,7.3638090820168145,-13.947603494259482,-12.165888995265107,-12.165888995265107,-9.424276655275406,1.781714498994404,,,2,,5,0.0,2.448313125569257e-07,8.358786988537759,8.324,0.8681889739818871
80,7.46380720398156,-13.935897704197544,-12.109061094646137,-12.109061094646137,-9.252878334420501,1.8268366095514068,,,2,,5,0.0,1.8839247672985948e-07,7.847505039535463,7.811,2.7117349673062563
81,7.563808135979343,-13.890531344746421,-12.002369649305308,-12.002369649305308,-8.89883296074413,1.888161695441113,,,2,,5,0.0,4.4356892203722964e-07,8.418562996666878,8.382,0.8565390016883612
82,7.663808059995063,-13.829472869293028,-11.892050272593167,-11.892050272593167,-8.644924134854477,1.9374225966998608,,,2,,5,0.0,4.0270381873597216e-07,6.424407009035349,6.39,1.0201709810644388
83,7.763808062009048,-13.785934293088104,-11.75121866153944,-11.75121866153944,-8.29128427834533,2.034715631548636,,,2,,5,0.0,1.0803802297232323e-07,8.342554967384785,8.315,0.934360024984926
84,7.863809242029674,-13.611456387622951,-11.535927857535711,-11.535927857535711,-7.942327159957387,2.07552853008724,,,2,,5,0.0,4.786928968769644e-07,7.223109947517514,7.189,1.4681120519526303
85,7.963809554988984,-13.140575454957542,-11.03997352398872,-11.03997352398872,-7.531708255070811,2.1006019309688213,,,2,,5,0.0,2.433154406844551e-07,8.120298036374152,8.085,0.6821439601480961
86,8.063807320024353,-12.938908129230043,-10.761003228368594,-10.761003228368594,-7.108437274295511,2.1779049008614493,,,2,,2,0.0,2.80132894658891e-09,7.6313489698804915,7.599,1.3504609814845026
