time_s,telemetry_index,phase,reference_delta_deg,motion_target_delta_deg,measured_delta_deg,measured_error_deg,trim_deg
0.0,340,TURNING,-0.20071275997906876,-0.7106010973848548,-0.1715822768658254,-14.828417723134173,0.0
0.01996309804962948,341,TURNING,-0.40138318960089187,-0.716413172051009,-0.26516084527179473,-14.734839154728204,0.0
0.04005800501909107,342,TURNING,-0.6020513700786974,-0.6855974694835355,-0.32371882108966726,-14.676281178910331,0.0
0.06005245301639661,343,TURNING,-0.8027219900395719,-0.6465724262633741,-0.4314980585324114,-14.568501941467586,0.0
0.08042726805433631,344,TURNING,-1.0034582496155056,-0.5881452958719864,-0.4918594389853239,-14.508140561014676,0.0
0.10025492601562291,345,TURNING,-1.2041641300311312,-0.5162750236289846,-0.5085818330551815,-14.491418166944817,0.0
0.1202848510001786,346,TURNING,-1.4048366097267717,-0.4256414771978472,-0.5202621941034574,-14.47973780589654,0.0
0.14040248503442854,347,TURNING,-1.6055103699909523,-0.30011383260199576,-0.5387342055450464,-14.461265794454953,0.0
0.16062409605365247,348,TURNING,-1.8061623896937817,-0.1582568292651539,-0.5515869963555771,-14.44841300364442,0.0
0.1806220310390927,349,TURNING,-2.006905819871463,-0.03581801997345359,-0.5294199302004707,-14.470580069799528,0.0
0.20063415705226362,350,TURNING,-2.2075796296121553,0.07979004575130244,-0.49619311745465633,-14.50380688254534,0.0
0.2205943830194883,351,TURNING,-2.4082807300146665,0.1663480487565689,-0.4756072303599387,-14.524392769640059,0.0
0.24065893003717065,352,TURNING,-2.6089156797388564,0.19175646711976202,-0.4661904325759534,-14.533809567424047,0.0
0.26071196101838723,353,TURNING,-2.8095312498044214,0.23374552891820913,-0.38903574925427326,-14.610964250745726,0.0
0.28091514203697443,354,TURNING,-3.010547700105234,0.269341193664273,-0.23214432475922445,-14.767855675240774,0.0
0.30089066800428554,355,TURNING,-3.2111977698514225,0.3195759558902833,-0.07660638715063026,-14.923393612849368,0.0
0.32096258900128305,356,TURNING,-3.4118225297424924,0.3598778160018893,0.009000663768784362,-15.009000663768786,0.0
0.34101984300650656,357,TURNING,-3.6124765098793414,0.3785682792056615,0.03587439815116492,-15.035874398151165,0.0
0.361254652030766,358,TURNING,-3.8131472899112837,0.4151746283806197,0.08400704404982275,-15.084007044049821,0.0
0.3815716740209609,359,TURNING,-4.0138215897604805,0.44135805989367305,0.16179504459231214,-15.161795044592312,0.0
0.4012037050561048,360,TURNING,-4.214444819954223,0.48058407042710355,0.2598783456324656,-15.259878345632467,0.0
0.4213353500235826,361,TURNING,-4.415066519868558,0.5125880466851955,0.3042092939610489,-15.304209293961048,0.0
0.4413551560137421,362,TURNING,-4.615699750138445,0.5304205488464682,0.33015256834024825,-15.330152568340248,0.0
0.461407462018542,363,TURNING,-4.630741362458886,0.5845711055665143,0.3692586375411142,-15.369258637541114,0.0
0.48173912905622274,364,TURNING,-4.561812444610562,0.6400379292030948,0.43818755538943605,-15.438187555389435,0.0
0.5019525000243448,365,TURNING,-4.482512541091813,0.70652406403431,0.5174874589081874,-15.517487458908187,0.0
0.5219756940496154,366,TURNING,-4.406100242006637,0.7510152778733392,0.5938997579933619,-15.593899757993361,0.0
0.5417608910356648,367,TURNING,-4.3484188647167885,0.7419238339705058,0.6515811352832116,-15.651581135283209,0.0
0.5617374740540981,368,TURNING,-4.3132838054609985,0.757950161789851,0.686716194539004,-15.686716194539,0.0
0.5821537700248882,369,TURNING,-4.267331361939957,0.7638640757926446,0.732668638060041,-15.73266863806004,0.0
0.6018890910199843,370,TURNING,-4.279845894054762,0.7755381233467509,0.7201541059452389,-15.720154105945241,0.0
0.6219760920503177,371,TURNING,-4.321336468137298,0.7612570934688689,0.6786635318627032,-15.678663531862702,0.0
0.6420181290013716,372,TURNING,-4.357216147892065,0.7267508137711847,0.6427838521079349,-15.642783852107932,0.0
0.66208701900905,373,TURNING,-4.353383677932741,0.7116057984116987,0.64661632206726,-15.646616322067258,0.0
0.6825018520466983,374,TURNING,-4.303647840884118,0.6857329694466552,0.696352159115882,-15.696352159115882,0.0
0.7022647570120171,375,TURNING,-4.241239772450225,0.6750502419890966,0.7587602275497769,-15.758760227549777,0.0
0.7225861200131476,376,TURNING,-4.20679878231327,0.6532921017562398,0.793201217686729,-15.793201217686729,0.0
0.7424721690476872,377,TURNING,-4.217427138391537,0.642726865338687,0.7825728616084635,-15.782572861608463,0.0
0.7625046720495448,378,TURNING,-4.2244495924125705,0.6766835251344808,0.7755504075874291,-15.775550407587424,0.0
0.782820062013343,379,TURNING,-4.207742707153312,0.7245685038468125,0.7922572928466879,-15.792257292846688,0.0
0.8028271270450205,380,TURNING,-4.173405946839269,0.7917228383063826,0.8265940531607304,-15.82659405316073,0.0
0.8227000430342741,381,TURNING,-4.152060891127858,0.8359349559428864,0.8479391088721404,-15.847939108872138,0.0
0.8427594320382923,382,TURNING,-4.165936856766439,0.822196300950974,0.8340631432335603,-15.834063143233559,0.0
0.8628823750186712,383,TURNING,-4.1865812810623675,0.843439750480246,0.8134187189376324,-15.813418718937632,0.0
0.8831394200096838,384,TURNING,-4.205461974096228,0.8675574331949191,0.7945380259037721,-15.794538025903773,0.0
0.9029645410482772,385,TURNING,-4.219339824517809,0.9028673116555309,0.7806601754821906,-15.780660175482186,0.0
0.9230371460434981,386,TURNING,-4.229189225719103,0.9101403043965256,0.7708107742808973,-15.770810774280896,0.0
0.943087337014731,387,TURNING,-4.2361213134520215,0.8834125320657894,0.7638786865479784,-15.763878686547974,0.0
0.9631567660253495,388,TURNING,-4.254877029870702,0.8854939782491399,0.7451229701292992,-15.7451229701293,0.0
0.9837923760060221,389,TURNING,-4.287070199724833,0.8862738867118497,0.7129298002751675,-15.712929800275168,0.0
1.0034177210181952,390,TURNING,-4.322128018753318,0.8977347760645131,0.6778719812466814,-15.67787198124668,0.0
1.0233934060088359,391,TURNING,-4.351028043624818,0.8833013317796254,0.6489719563751837,-15.648971956375178,0.0
1.0436338250292465,392,TURNING,-4.368212656013497,0.8396198674428242,0.6317873439865039,-15.6317873439865,0.0
1.0638612580369227,393,TURNING,-4.39687896380048,0.8237731110997905,0.6031210361995194,-15.603121036199518,0.0
1.0841656280099414,394,TURNING,-4.433090094433163,0.8076660820943441,0.5669099055668378,-15.566909905566838,0.0
1.1038969190558419,395,TURNING,-4.4759186021559865,0.8035919744443347,0.5240813978440132,-15.52408139784401,0.0
1.1236997690284625,396,TURNING,-4.509655556311241,0.7749481623797259,0.49034444368876035,-15.49034444368876,0.0
1.1438054070458747,397,TURNING,-4.54175755666961,0.7226987233826042,0.4582424433303889,-15.458242443330386,0.0
1.1641215290292166,398,TURNING,-4.574857023915668,0.69714836053458,0.4251429760843306,-15.425142976084329,0.0
1.1842183860135265,399,TURNING,-4.613626661306724,0.6681475525739474,0.38637333869327606,-15.386373338693277,0.0
1.2039868320571259,400,TURNING,-4.656921906300826,0.6505054492669328,0.3430780936991731,-15.343078093699175,0.0
1.2240506270318292,401,TURNING,-4.687064087317307,0.6106369469964104,0.31293591268269483,-15.312935912682695,0.0
1.244129075028468,402,TURNING,-4.721331940137058,0.5537371385596308,0.2786680598629398,-15.278668059862941,0.0
1.2642764530028217,403,TURNING,-4.752509773712133,0.5239697532320143,0.2474902262878649,-15.247490226287864,0.0
1.2845435570343398,404,TURNING,-4.787737912203827,0.4884341968154704,0.21226208779617303,-15.212262087796173,0.0
1.3043460530461743,405,TURNING,-4.830830569572727,0.46400684136340264,0.16916943042727417,-15.169169430427274,0.0
1.3244178970344365,406,TURNING,-4.872380731342265,0.4193340252200465,0.1276192686577349,-15.127619268657734,0.0
1.344457287050318,407,TURNING,-4.90535316895817,0.35604015763464486,0.09464683104182992,-15.09464683104183,0.0
1.3646259960369207,408,TURNING,-4.931767313824078,0.316590067645062,0.06823268617592071,-15.068232686175918,0.0
1.3849462740472518,409,TURNING,-4.956245433647251,0.27282576988799356,0.043754566352749026,-15.043754566352751,0.0
1.4046696069999598,410,TURNING,-4.9845883998795415,0.24420019991615421,0.015411600120458658,-15.015411600120459,0.0
1.4247144180117175,411,TURNING,-5.012555820240568,0.20305553878120036,-0.012555820240568456,-14.98744417975943,0.0
1.444772303046193,412,TURNING,-5.03792392355858,0.14876644324928862,-0.03792392355857999,-14.96207607644142,0.0
1.464868015027605,413,TURNING,-5.044240476239549,0.11749970616011574,-0.04424047623954872,-14.95575952376045,0.0
1.4854618280078284,414,TURNING,-5.049619947591907,0.07839215008740505,-0.04961994759190728,-14.950380052408093,0.0
1.5051619700388983,415,TURNING,-5.0651948874052195,0.05248966986036513,-0.06519488740521957,-14.93480511259478,0.0
1.5250927500310354,416,TURNING,-5.088134093165352,0.014145422032543207,-0.08813409316535228,-14.911865906834645,0.0
1.5452805230161175,417,TURNING,-5.108485932758529,-0.04102892921424277,-0.10848593275852779,-14.89151406724147,0.0
1.5654026940464973,418,TURNING,-5.115639234060302,-0.07358817860056992,-0.1156392340603018,-14.884360765939697,0.0
1.5854851260082796,419,TURNING,-5.11386786064112,-0.11664058842331494,-0.11386786064112168,-14.886132139358876,0.0
1.6053415050264448,420,TURNING,-5.128019622788105,-0.15088216332345325,-0.1280196227881045,-14.871980377211894,0.0
1.6254652340430766,421,TURNING,-5.145656995508308,-0.2001811031794504,-0.14565699550830735,-14.854343004491692,0.0
1.6454192730016075,422,TURNING,-5.162383157741054,-0.26920387204775825,-0.16238315774105358,-14.837616842258944,0.0
1.6655875100404955,423,TURNING,-5.169625619950641,-0.31990504628821015,-0.16962561995064188,-14.830374380049358,0.0
1.685801761050243,424,TURNING,-5.165082256508151,-0.384726397634902,-0.16508225650815206,-14.834917743491847,0.0
1.705613277037628,425,TURNING,-5.161655253362131,-0.4396896600196577,-0.1616552533621302,-14.838344746637867,0.0
1.7257140280562453,426,TURNING,-5.167324390428072,-0.5039194844523641,-0.1673243904280723,-14.832675609571925,0.0
1.7458057010080665,427,TURNING,-5.1758689588070705,-0.5710168430719095,-0.17586895880707118,-14.824131041192928,0.0
1.7659086500061676,428,TURNING,-5.176347522697271,-0.614553607842484,-0.17634752269727116,-14.823652477302728,0.0
1.7861395790241659,429,TURNING,-5.1699913773322095,-0.6669900496927177,-0.16999137733220895,-14.83000862266779,0.0
1.8059820030466653,430,TURNING,-5.1698026410434,-0.7108007207283835,-0.16980264104340043,-14.8301973589566,0.0
1.8260141490027308,431,TURNING,-5.179487604849692,-0.7669763009580702,-0.17948760484969226,-14.820512395150306,0.0
1.8460912980372086,432,TURNING,-5.192557328197752,-0.8394464250052724,-0.19255732819775223,-14.807442671802248,0.0
1.8662815520074219,433,TURNING,-5.196231931033035,-0.8911755201475368,-0.19623193103303607,-14.803768068966964,0.0
1.8869517030543648,434,TURNING,-5.1831828353950495,-0.9472584250771765,-0.18318283539505006,-14.816817164604949,0.0
1.9064101160038263,435,TURNING,-5.173800237398394,-0.9786522174834497,-0.17380023739839429,-14.826199762601604,0.0
1.926389899046626,436,TURNING,-5.147825081881763,-1.0023775247616165,-0.14782508188176263,-14.852174918118237,0.0
1.946489398018457,437,TURNING,-5.098490418027406,-1.010907988615691,-0.09849041802740664,-14.901509581972592,0.0
1.9665446760482155,438,TURNING,-5.073153155536927,-0.9768235696899128,-0.07315315553692782,-14.926846844463071,0.0
1.9868271840387024,439,TURNING,-5.074272663645814,-0.9299634241869916,-0.07427266364581418,-14.925727336354186,0.0
2.006627211056184,440,TURNING,-5.087645041808369,-0.8789340889718162,-0.08764504180836938,-14.912354958191628,0.0
2.0266802480327897,441,TURNING,-5.099841026991328,-0.8588484829434475,-0.09984102699132788,-14.900158973008672,0.0
2.046836482011713,442,TURNING,-5.098467706047679,-0.9271797658239946,-0.09846770604768049,-14.901532293952318,0.0
2.067033440049272,443,TURNING,-5.086130727777565,-0.9993980546407242,-0.08613072777756582,-14.913869272222433,0.0
2.0871684410376474,444,TURNING,-5.089488506457601,-1.111154000680188,-0.08948850645760156,-14.910511493542396,0.0
2.1070535520557314,445,TURNING,-5.131978703930148,-1.225035414940406,-0.13197870393014777,-14.868021296069852,0.0
2.1273003760143183,446,TURNING,-5.1638455390924545,-1.3520577522397847,-0.16384553909245428,-14.836154460907546,0.0
2.14766655000858,447,TURNING,-5.18499771502435,-1.421270100591185,-0.18499771502435086,-14.815002284975646,0.0
2.1673834890243597,448,TURNING,-5.172254755285485,-1.4681576227893653,-0.17225475528548628,-14.827745244714512,0.0
2.1882607900188304,449,TURNING,-5.162068688354269,-1.52496196321468,-0.16206868835426935,-14.83793131164573,0.0
2.20781104703201,450,TURNING,-5.190373555638263,-1.5752422371993513,-0.1903735556382616,-14.809626444361736,0.0
2.2276219150517136,451,TURNING,-5.234705805564441,-1.6394896385668507,-0.2347058055644403,-14.765294194435556,0.0
2.2476943120127544,452,TURNING,-5.256264305002685,-1.7101867941378568,-0.2562643050026851,-14.743735694997312,0.0
2.267702094046399,453,TURNING,-5.246069947215572,-1.7510392987767265,-0.24606994721557326,-14.753930052784426,0.0
2.287973585014697,454,TURNING,-5.226891883658572,-1.79282984700629,-0.22689188365857205,-14.773108116341426,0.0
2.3081378140486777,455,TURNING,-5.244077815030627,-1.8263218433562627,-0.24407781503062606,-14.755922184969371,0.0
2.3279707180336118,456,TURNING,-5.278399955864371,-1.8759780337579735,-0.2783999558643718,-14.721600044135625,0.0
2.348250581009779,457,TURNING,-5.30661852770601,-1.935195266555554,-0.30661852770601167,-14.693381472293986,0.0
2.3681263510370627,458,TURNING,-5.298360800895738,-1.9738165203134277,-0.298360800895736,-14.701639199104262,0.0
2.388395356014371,459,TURNING,-5.292948633320919,-2.0233860699132213,-0.29294863332091964,-14.70705136667908,0.0
2.4081824180320837,460,TURNING,-5.312776800468948,-2.0720786653448378,-0.3127768004689478,-14.687223199531049,0.0
2.4282648780499585,461,TURNING,-5.339947480677119,-2.140531775125443,-0.33994748067711733,-14.660052519322884,0.0
2.4484800760401413,462,TURNING,-5.382786075549096,-2.196335243867581,-0.38278607554909433,-14.617213924450907,0.0
2.468378367018886,463,TURNING,-5.402968936744457,-2.23208007273867,-0.40296893674445705,-14.59703106325554,0.0
2.4888023100211285,464,TURNING,-5.414922225284958,-2.2808701744690216,-0.4149222252849571,-14.585077774715042,0.0
2.5086001850431785,465,TURNING,-5.438251749527635,-2.329136783007273,-0.43825174952763735,-14.561748250472363,0.0
2.528622895013541,466,TURNING,-5.477206976691504,-2.39691316434309,-0.4772069766915043,-14.522793023308495,0.0
2.5489039920503274,467,TURNING,-5.52037172849759,-2.4523549931371558,-0.5203717284975906,-14.479628271502412,0.0
2.5687462700298056,468,TURNING,-5.548043290959617,-2.4865410674951653,-0.5480432909596188,-14.451956709040381,0.0
2.5891521260491572,469,TURNING,-5.5539122312379225,-2.5323066188980663,-0.5539122312379212,-14.446087768762078,0.0
2.609125520044472,470,TURNING,-5.568176596773916,-2.5769385404064855,-0.5681765967739154,-14.431823403226083,0.0
2.6290347690228373,471,TURNING,-5.618915902530712,-2.6410513445503696,-0.6189159025307127,-14.381084097469286,0.0
2.6492764520226046,472,TURNING,-5.672439966471937,-2.693462116399835,-0.6724399664719377,-14.32756003352806,0.0
2.669096342055127,473,TURNING,-5.702618947614879,-2.7224787384349103,-0.7026189476148795,-14.297381052385118,0.0
2.6899619110045023,474,TURNING,-5.7027014695080664,-2.761968402884107,-0.7027014695080664,-14.297298530491933,0.0
2.7092464360175654,475,TURNING,-5.709733326706192,-2.801050568731425,-0.7097333267061918,-14.290266673293806,0.0
2.729301913001109,476,TURNING,-5.728614287846479,-2.8616495456666433,-0.7286142878464764,-14.271385712153524,0.0
2.7493953530211,477,TURNING,-5.753473810716863,-2.913892452535985,-0.753473810716863,-14.246526189283136,0.0
2.769430585030932,478,TURNING,-5.760675406353888,-2.941918092864366,-0.7606754063538882,-14.23932459364611,0.0
2.7898192170541734,479,TURNING,-5.765728521240761,-2.9773463994719114,-0.7657285212407625,-14.234271478759236,0.0
2.8095442340127192,480,TURNING,-5.781063327592065,-3.0125014350831423,-0.7810633275920651,-14.218936672407935,0.0
2.8297037840238772,481,TURNING,-5.813306291373346,-3.070796765400314,-0.8133062913733456,-14.186693708626654,0.0
2.849753023008816,482,TURNING,-5.847005074361943,-3.120830398244181,-0.8470050743619427,-14.152994925638057,0.0
2.869732109014876,483,TURNING,-5.8669068624676095,-3.145357293463226,-0.8669068624676113,-14.13309313753239,0.0
2.8902870260062627,484,TURNING,-5.882927279008155,-3.173145027387666,-0.8829272790081555,-14.117072720991843,0.0
2.909928113047499,485,TURNING,-5.908135987117463,-3.201070051308074,-0.9081359871174643,-14.091864012882533,0.0
2.930088812019676,486,TURNING,-5.945272742981336,-3.2541604364295282,-0.9452727429813356,-14.054727257018664,0.0
2.9499780230107717,487,TURNING,-5.979183338899254,-3.301118978192357,-0.9791833388992545,-14.020816661100744,0.0
2.9700883670011535,488,TURNING,-5.999361731317508,-3.3212639877414465,-0.9993617313175083,-14.000638268682492,0.0
2.99041515000863,489,TURNING,-6.015822601808507,-3.3407788599455013,-1.015822601808509,-13.98417739819149,0.0
3.0102333730319515,490,TURNING,-6.0325965046497325,-3.3615743409551557,-1.032596504649733,-13.967403495350265,0.0
3.030436360044405,491,TURNING,-6.065448689608828,-3.4110424532140895,-1.0654486896088284,-13.93455131039117,0.0
3.0503587670391425,492,TURNING,-6.100137341728115,-3.4581739641951827,-1.1001373417281162,-13.899862658271882,0.0
3.0707074250094593,493,TURNING,-6.121794732487448,-3.4783873541296324,-1.1217947324874482,-13.87820526751255,0.0
3.090747017005924,494,TURNING,-6.138832764838566,-3.4946275688489346,-1.1388327648385626,-13.861167235161437,0.0
3.1105428660521284,495,TURNING,-6.154322957808662,-3.511893736856158,-1.1543229578086616,-13.845677042191337,0.0
3.1307420060038567,496,TURNING,-6.174495987242294,-3.559059349917707,-1.174495987242295,-13.825504012757705,0.0
3.150701563048642,497,TURNING,-6.20380055761013,-3.604915305252281,-1.2038005576101312,-13.796199442389867,0.0
3.1707815850386396,498,TURNING,-6.223952719547161,-3.623649814201465,-1.2239527195471618,-13.776047280452836,0.0
3.191045943007339,499,TURNING,-6.240277375169011,-3.635888943076504,-1.2402773751690102,-13.759722624830989,0.0
3.2109239820274524,500,TURNING,-6.25566943567419,-3.6484152290019543,-1.25566943567419,-13.744330564325809,0.0
3.2310884600155987,501,TURNING,-6.279797434273044,-3.6911995022318114,-1.2797974342730432,-13.720202565726956,0.0
3.251024141034577,502,TURNING,-6.30736397654835,-3.7337611030948814,-1.3073639765483498,-13.69263602345165,0.0
3.2711173920542933,503,TURNING,-6.326032927681678,-3.7485558289819867,-1.3260329276816738,-13.673967072318323,0.0
3.291445867042057,504,TURNING,-6.3422194861136685,-3.754754019126833,-1.3422194861136685,-13.657780513886332,0.0
3.3113536600139923,505,TURNING,-6.353886454533293,-3.76086147494665,-1.3538864545332963,-13.646113545466703,0.0
3.3314222220215015,506,TURNING,-6.374380770136721,-3.7982108089950573,-1.3743807701367219,-13.625619229863277,0.0
3.3514214930473827,507,TURNING,-6.403757777892261,-3.8376672721733107,-1.4037577778922616,-13.596242222107737,0.0
3.371474248007871,508,TURNING,-6.423528085425588,-3.8486530899762137,-1.4235280854255876,-13.576471914574412,0.0
3.3918217140017077,509,TURNING,-6.439654159390788,-3.8488780379554375,-1.4396541593907886,-13.56034584060921,0.0
3.4116262739989907,510,TURNING,-6.4593573979376036,-3.8464403150553457,-1.4593573979376029,-13.540642602062396,0.0
3.4316900270059705,511,TURNING,-6.488090053525299,-3.8741702952744834,-1.4880900535252994,-13.5119099464747,0.0
3.45194265502505,512,TURNING,-6.519842247748622,-3.904199257731392,-1.5198422477486233,-13.480157752251376,0.0
3.4719866570085287,513,TURNING,-6.542191630864436,-3.9042594628233456,-1.54219163086444,-13.45780836913556,0.0
3.49209045805037,514,TURNING,-6.562745508946536,-3.8949198748131058,-1.5627455089465354,-13.437254491053464,0.0
3.5119596180156805,515,TURNING,-6.584982830668487,-3.8842346209422614,-1.5849828306684877,-13.41501716933151,0.0
3.532067154010292,516,TURNING,-6.605395501689916,-3.9071782815586222,-1.6053955016899166,-13.394604498310082,0.0
3.552055888052564,517,TURNING,-6.620519016274547,-3.9372099714379765,-1.6205190162745473,-13.379480983725452,0.0
3.5721310500521213,518,TURNING,-6.6371563400663325,-3.9354235935011874,-1.6371563400663331,-13.362843659933667,0.0
3.592459822015371,520,TURNING,-6.679072374298418,-3.905954378831016,-1.6790723742984177,-13.320927625701582,0.0
3.6121395910158753,520,TURNING,-6.679072374298418,-3.905954378831016,-1.6790723742984177,-13.320927625701582,0.0
3.632388878031634,522,TURNING,-6.718963052535942,-3.955588136929914,-1.718963052535939,-13.281036947464061,0.0
3.6523680820246227,523,TURNING,-6.742021509703412,-3.9565023479042214,-1.7420215097034148,-13.257978490296585,0.0
3.6724563290481456,524,TURNING,-6.774912142373245,-3.9451037038791337,-1.774912142373245,-13.225087857626754,0.0
3.6928656280506402,525,TURNING,-6.802727590366587,-3.9296129871280185,-1.8027275903665865,-13.197272409633413,0.0
3.712849409028422,525,TURNING,-6.802727590366587,-3.9296129871280185,-1.8027275903665865,-13.197272409633413,0.0
3.732756044017151,527,TURNING,-6.852302179136173,-3.9761753019569475,-1.8523021791361736,-13.147697820863826,0.0
3.7528236330254003,528,TURNING,-6.881078007885274,-3.9742574312110044,-1.8810780078852738,-13.118921992114725,0.0
3.77307296305662,529,TURNING,-6.9106541323258766,-3.9592091088368684,-1.9106541323258768,-13.089345867674123,0.0
3.793241025006864,530,TURNING,-6.937399962328841,-3.9402758009155194,-1.9373999623288414,-13.062600037671157,0.0
3.8131322630215436,530,TURNING,-6.937399962328841,-3.9402758009155194,-1.9373999623288414,-13.062600037671157,0.0
3.8331242670537904,532,TURNING,-6.992559957989713,-3.9856462870300664,-1.992559957989713,-13.007440042010286,0.0
3.8531782800564542,533,TURNING,-7.019333654044816,-3.9841854770867466,-2.0193336540448152,-12.980666345955182,0.0
3.8732645410345867,534,TURNING,-7.051364166270134,-3.9685773166635685,-2.051364166270135,-12.948635833729863,0.0
3.8936407200526446,535,TURNING,-7.07751362879227,-3.9487057886714294,-2.0775136287922695,-12.922486371207732,0.0
3.9133231550222263,535,TURNING,-7.07751362879227,-3.9487057886714294,-2.0775136287922695,-12.922486371207732,0.0
3.9334450860042125,537,TURNING,-7.129738727760365,-3.9931614993094833,-2.129738727760369,-12.87026127223963,0.0
3.953421986021567,537,TURNING,-7.129738727760365,-3.9931614993094833,-2.129738727760369,-12.87026127223963,0.0
3.973590020032134,539,TURNING,-7.191248328493965,-3.9777347173130795,-2.191248328493966,-12.808751671506032,0.0
3.9938631010008976,540,TURNING,-7.21724375282173,-3.958553802157682,-2.2172437528217306,-12.782756247178268,0.0
4.013681021053344,540,TURNING,-7.21724375282173,-3.958553802157682,-2.2172437528217306,-12.782756247178268,0.0
4.033783096005209,542,TURNING,-7.267975218436175,-4.00281721016826,-2.2679752184361752,-12.732024781563823,0.0
4.053855126025155,543,TURNING,-7.299285178718216,-4.001263878830769,-2.299285178718219,-12.70071482128178,0.0
4.073908210033551,544,TURNING,-7.328495116031236,-3.9895251712072115,-2.3284951160312355,-12.671504883968764,0.0
4.094592129054945,545,TURNING,-7.354832474344907,-3.980750399988489,-2.3548324743449087,-12.64516752565509,0.0
4.1142234920407645,545,TURNING,-7.354832474344907,-3.980750399988489,-2.3548324743449087,-12.64516752565509,0.0
4.134160738030914,547,TURNING,-7.397128936605435,-4.07621872387646,-2.397128936605436,-12.602871063394565,0.0
4.154215089045465,548,TURNING,-7.421439643337547,-4.117500410282973,-2.421439643337547,-12.578560356662452,0.0
4.1743794700014405,549,TURNING,-7.449219906475378,-4.157084146428834,-2.449219906475379,-12.55078009352462,0.0
4.194588275044225,550,TURNING,-7.474821667450106,-4.196909045058359,-2.4748216674501076,-12.525178332549894,0.0
4.21439369302243,550,TURNING,-7.474821667450106,-4.196909045058359,-2.4748216674501076,-12.525178332549894,0.0
4.234547391999513,552,TURNING,-7.521715224637457,-4.3375470139487975,-2.5217152246374566,-12.478284775362543,0.0
4.254612255026586,553,TURNING,-7.541853386763519,-4.370401391376929,-2.5418533867635182,-12.458146613236481,0.0
4.2746991160092875,554,TURNING,-7.563029883624547,-4.388444541024762,-2.5630298836245466,-12.436970116375452,0.0
4.294903466012329,555,TURNING,-7.586174296834513,-4.4015832147653695,-2.586174296834513,-12.413825703165484,0.0
4.314764874055982,555,TURNING,-7.586174296834513,-4.4015832147653695,-2.586174296834513,-12.413825703165484,0.0
4.334825597004965,557,TURNING,-7.632005740592229,-4.52646285325069,-2.6320057405922297,-12.36799425940777,0.0
4.354967411025427,558,TURNING,-7.658412893266416,-4.570999788976529,-2.6584128932664157,-12.341587106733584,0.0
4.374933478015009,559,TURNING,-7.678560331153791,-4.598699377166033,-2.678560331153793,-12.321439668846207,0.0
4.3952819390106015,560,TURNING,-7.701017547115704,-4.612592454106506,-2.7010175471157054,-12.298982452884294,0.0
4.415205234021414,560,TURNING,-7.701017547115704,-4.612592454106506,-2.7010175471157054,-12.298982452884294,0.0
4.435268194007222,562,TURNING,-7.738272178595993,-4.694925296716597,-2.7382721785959947,-12.261727821404003,0.0
4.457891386002302,563,TURNING,-7.7614619946603,-4.6957797951626725,-2.7614619946602987,-12.2385380053397,0.0
4.477992541040294,564,TURNING,-7.789568430831295,-4.670825556277532,-2.7895684308312942,-12.210431569168703,0.0
4.498475672036875,565,TURNING,-7.814910595855827,-4.634948134772778,-2.814910595855828,-12.18508940414417,0.0
4.518072976032272,566,TURNING,-7.836302602618197,-4.631715983080794,-2.8363026026181974,-12.163697397381801,0.0
4.53791757900035,567,TURNING,-7.853303537279275,-4.673872610852189,-2.8533035372792748,-12.146696462720724,0.0
4.5579801220446825,568,TURNING,-7.8686429580591355,-4.686076640766694,-2.868642958059137,-12.131357041940861,0.0
4.578198889037594,569,TURNING,-7.900079554698382,-4.684530750888759,-2.9000795546983813,-12.099920445301619,0.0
4.598697523004375,570,TURNING,-7.91723971740103,-4.677452929866439,-2.917239717401029,-12.082760282598967,0.0
4.618243805016391,571,TURNING,-7.937392698944249,-4.702306470890223,-2.93739269894425,-12.062607301055749,0.0
4.638252373028081,572,TURNING,-7.954938025764544,-4.73534162493191,-2.9549380257645406,-12.045061974235457,0.0
4.658393970050383,573,TURNING,-7.973901390293184,-4.737423789500418,-2.973901390293185,-12.026098609706812,0.0
4.678678438009229,574,TURNING,-7.998375645423425,-4.724417473178275,-2.9983756454234256,-12.001624354576572,0.0
4.699076851014979,575,TURNING,-8.020150934601334,-4.706677980435502,-3.0201509346013355,-11.979849065398664,0.0
4.718461693031713,575,TURNING,-8.020150934601334,-4.706677980435502,-3.0201509346013355,-11.979849065398664,0.0
4.738761811051518,577,TURNING,-8.058039450547607,-4.758583271339713,-3.0580394505476054,-11.941960549452393,0.0
4.758752066001762,578,TURNING,-8.076028790497325,-4.764508262820429,-3.0760287904973245,-11.923971209502675,0.0
4.778885141015053,579,TURNING,-8.095837284264972,-4.759546317272785,-3.0958372842649715,-11.904162715735028,0.0
4.799177837034222,580,TURNING,-8.114621932904674,-4.756151900275633,-3.1146219329046736,-11.885378067095326,0.0
4.819109672040213,581,TURNING,-8.127698129072026,-4.793857005652536,-3.1276981290720274,-11.872301870927974,0.0
4.83922565903049,582,TURNING,-8.144850420007176,-4.856417134398206,-3.1448504200071774,-11.855149579992823,0.0
4.8591615140321665,583,TURNING,-8.165474774352392,-4.898445910893604,-3.1654747743523908,-11.834525225647608,0.0
4.879147594037931,584,TURNING,-8.187286190397494,-4.939172108396035,-3.1872861903974936,-11.812713809602506,0.0
4.8994520860142075,585,TURNING,-8.207212809464794,-4.983262342517218,-3.2072128094647936,-11.792787190535208,0.0
4.919136665004771,585,TURNING,-8.207212809464794,-4.983262342517218,-3.2072128094647936,-11.792787190535208,0.0
4.93928205902921,587,TURNING,-8.244743359361562,-5.146901641107553,-3.2447433593615616,-11.755256640638438,0.0
4.959459715057164,588,TURNING,-8.262982690095265,-5.198919126486435,-3.2629826900952676,-11.737017309904731,0.0
4.979449124017265,589,TURNING,-8.28288936891677,-5.235471041576762,-3.2828893689167695,-11.71711063108323,0.0
4.999758211022709,590,TURNING,-8.302192126421266,-5.259982072739296,-3.3021921264212697,-11.697807873578729,0.0
5.01961035002023,591,TURNING,-8.32059547024747,-5.310207099736682,-3.3205954702474694,-11.679404529752528,0.0
5.039667163044214,592,TURNING,-8.3371424517582,-5.367814994356823,-3.3371424517582016,-11.662857548241798,0.0
5.059785358025692,593,TURNING,-8.354905814385653,-5.383448145363543,-3.354905814385652,-11.645094185614347,0.0
5.079747726034839,594,TURNING,-8.373794497488236,-5.37241192985344,-3.373794497488235,-11.626205502511764,0.0
5.100076629023533,595,TURNING,-8.3928917022308,-5.350622996653963,-3.3928917022308047,-11.607108297769194,0.0
5.1198118480388075,595,TURNING,-8.3928917022308,-5.350622996653963,-3.3928917022308047,-11.607108297769194,0.0
5.139974181016441,597,TURNING,-8.473597916610677,-5.412269007021425,-3.47359791661068,-11.52640208338932,0.0
5.160095326020382,598,TURNING,-8.497464952659088,-5.433236034029224,-3.4974649526590897,-11.50253504734091,0.0
5.180227595032193,599,TURNING,-8.51373886674821,-5.441024225956682,-3.5137388667482097,-11.486261133251787,0.0
5.200475461024325,600,TURNING,-8.527852969437541,-5.4440234734210895,-3.5278529694375407,-11.472147030562459,0.0
5.220252428029198,601,TURNING,-8.550275261814527,-5.479743421647177,-3.5502752618145275,-11.449724738185472,0.0
5.240384237025864,602,TURNING,-8.579944046460737,-5.522398255790645,-3.579944046460737,-11.420055953539263,0.0
5.260348305047955,603,TURNING,-8.59452568560688,-5.534162686749837,-3.5945256856068823,-11.405474314393118,0.0
5.280485437018797,604,TURNING,-8.608356872598849,-5.53242428347493,-3.6083568725988497,-11.39164312740115,0.0
5.301064876024611,605,TURNING,-8.620648155529395,-5.52724738661389,-3.6206481555293935,-11.379351844470605,0.0
5.320637387048919,606,TURNING,-8.644074771011631,-5.55661069215004,-3.64407477101163,-11.355925228988369,0.0
5.3406522260047495,607,TURNING,-8.667930267969668,-5.602182596181376,-3.6679302679696693,-11.33206973203033,0.0
5.360684192040935,608,TURNING,-8.682035729259612,-5.617211263645292,-3.6820357292596113,-11.317964270740388,0.0
5.38099338603206,609,TURNING,-8.69512279649974,-5.620010244687694,-3.69512279649974,-11.30487720350026,0.0
5.401783681008965,610,TURNING,-8.70367117114847,-5.618588299564055,-3.7036711711484696,-11.296328828851529,0.0
5.421488073014189,611,TURNING,-8.720903268443463,-5.651256027508146,-3.7209032684434615,-11.279096731556537,0.0
5.44172400602838,612,TURNING,-8.746143777697608,-5.696095235927766,-3.746143777697607,-11.253856222302392,0.0
5.461784348008223,613,TURNING,-8.759721388992244,-5.710372927562428,-3.759721388992243,-11.240278611007756,0.0
5.4816405340097845,614,TURNING,-8.772229754963016,-5.712767212234679,-3.7722297549630146,-11.227770245036984,0.0
5.501839634031057,615,TURNING,-8.783213102159593,-5.711416590279029,-3.783213102159594,-11.216786897840406,0.0
5.521668205037713,616,TURNING,-8.798825899782521,-5.744472939543478,-3.7988258997825213,-11.201174100217477,0.0
5.541753490047995,617,TURNING,-8.825955019267974,-5.791386409687977,-3.8259550192679748,-11.174044980732024,0.0
5.561828899022657,618,TURNING,-8.841703459050494,-5.808643173670174,-3.841703459050495,-11.158296540949504,0.0
5.582207848026883,619,TURNING,-8.853305239608556,-5.813740453985954,-3.8533052396085554,-11.146694760391444,0.0
5.602220084052533,620,TURNING,-8.864174547988068,-5.814800644603487,-3.86417454798807,-11.135825452011929,0.0
5.621990142040886,621,TURNING,-8.887599557037753,-5.84995243816974,-3.887599557037752,-11.112400442962247,0.0
5.642061070015188,622,TURNING,-8.909842298626263,-5.896255141273676,-3.909842298626262,-11.090157701373737,0.0
5.662150913034566,623,TURNING,-8.925619817337546,-5.912494073129235,-3.925619817337545,-11.074380182662454,0.0
5.68252436502371,624,TURNING,-8.937382146285564,-5.9156091160381985,-3.937382146285564,-11.062617853714434,0.0
5.702803518041037,625,TURNING,-8.949018659198504,-5.913964027139798,-3.9490186591985,-11.0509813408015,0.0
5.722400488040876,626,TURNING,-8.969134137224517,-5.9461371124614635,-3.9691341372245157,-11.030865862775483,0.0
5.742608153028414,627,TURNING,-9.001267449208704,-5.990764204918369,-4.001267449208705,-10.998732550791292,0.0
5.762509842053987,628,TURNING,-9.01868434370174,-6.005432404058205,-4.018684343701738,-10.98131565629826,0.0
5.78289933904307,629,TURNING,-9.031952920875561,-6.007609483898605,-4.031952920875558,-10.968047079124442,0.0
5.802926252014004,630,TURNING,-9.044838103817893,-6.00525105952623,-4.044838103817898,-10.955161896182101,0.0
5.8228092440404,631,TURNING,-9.070301839855665,-6.03731914189028,-4.070301839855664,-10.929698160144333,0.0
5.842755153018516,632,TURNING,-9.101369956016399,-6.081661301324957,-4.101369956016399,-10.8986300439836,0.0
5.863114245003089,633,TURNING,-9.11792369838316,-6.095613923014038,-4.11792369838316,-10.88207630161684,0.0
5.883047114999499,634,TURNING,-9.131656901357246,-6.0976740055612275,-4.131656901357247,-10.868343098642752,0.0
5.903191710007377,635,TURNING,-9.141532516379554,-6.095116829870339,-4.141532516379554,-10.858467483620444,0.0
5.923092749028001,636,TURNING,-9.160758875145799,-6.127108895806841,-4.160758875145799,-10.8392411248542,0.0
5.943088302039541,637,TURNING,-9.189057134724159,-6.171520661320932,-4.189057134724157,-10.810942865275841,0.0
5.963413590041455,638,TURNING,-9.20541366602298,-6.185554875452405,-4.2054136660229835,-10.794586333977016,0.0
5.983440107025672,639,TURNING,-9.220025301717182,-6.187398474786582,-4.220025301717179,-10.77997469828282,0.0
6.00365354004316,640,TURNING,-9.234596719868822,-6.184321970775245,-4.234596719868819,-10.765403280131181,0.0
6.023471390013583,641,TURNING,-9.253981966494292,-6.21529593012444,-4.253981966494291,-10.74601803350571,0.0
6.043485923029948,642,TURNING,-9.281857479633382,-6.25888734722613,-4.2818574796333815,-10.718142520366616,0.0
6.063802275049966,643,TURNING,-9.298356802434936,-6.272165159252877,-4.298356802434936,-10.701643197565062,0.0
6.083660741045605,644,TURNING,-9.313256276789856,-6.270478236735493,-4.3132562767898595,-10.68674372321014,0.0
6.103950214048382,645,TURNING,-9.32731060719906,-6.2586631452482875,-4.327310607199059,-10.67268939280094,0.0
6.123805011040531,646,TURNING,-9.3402570090606,-6.275266712852778,-4.3402570090606,-10.659742990939398,0.0
6.14383907004958,647,TURNING,-9.352557949283858,-6.297768362838551,-4.352557949283857,-10.64744205071614,0.0
6.164112050028052,648,TURNING,-9.36478346644801,-6.283383153206217,-4.3647834664480065,-10.635216533551993,0.0
6.183977121021599,649,TURNING,-9.378997136242063,-6.250462475023253,-4.378997136242063,-10.621002863757935,0.0
6.204290678026155,650,TURNING,-9.389903994316752,-6.215065806898017,-4.389903994316753,-10.610096005683246,0.0
6.224096290010493,651,TURNING,-9.403630926841,-6.221050339776001,-4.403630926840999,-10.596369073159,0.0
6.244230510026682,652,TURNING,-9.417037388482912,-6.263783326883998,-4.417037388482914,-10.582962611517084,0.0
6.264384926005732,653,TURNING,-9.429333244207383,-6.281943851324246,-4.429333244207386,-10.570666755792615,0.0
6.284338934055995,654,TURNING,-9.442690324860562,-6.292614593808672,-4.442690324860562,-10.557309675139438,0.0
6.305010834010318,655,TURNING,-9.453692845566744,-6.2928208288115774,-4.453692845566743,-10.546307154433256,0.0
6.324464959034231,656,TURNING,-9.463745371884764,-6.319299449304988,-4.463745371884763,-10.536254628115232,0.0
6.344524578016717,657,TURNING,-9.475170085235312,-6.336308465089959,-4.475170085235313,-10.524829914764688,0.0
6.364922963024583,658,TURNING,-9.490269578719824,-6.31575387938395,-4.490269578719822,-10.509730421280178,0.0
6.384669345046859,659,TURNING,-9.508160538072625,-6.274956392610292,-4.508160538072626,-10.491839461927373,0.0
6.4051668860483915,660,TURNING,-9.52611997277393,-6.231786334289627,-4.52611997277393,-10.47388002722607,0.0
6.424980446055997,661,TURNING,-9.541623207789387,-6.231474002276743,-4.541623207789387,-10.458376792210611,0.0
6.4449204170377925,662,TURNING,-9.55588159777433,-6.274329543490879,-4.55588159777433,-10.444118402225667,0.0
6.46498402801808,663,TURNING,-9.570488159014165,-6.293043892458085,-4.5704881590141655,-10.429511840985834,0.0
6.4850433460087515,664,TURNING,-9.58257958078883,-6.308567918095562,-4.5825795807888285,-10.41742041921117,0.0
6.505341379030142,665,TURNING,-9.59922763143452,-6.321667634464375,-4.59922763143452,-10.400772368565478,0.0
6.525150180037599,666,TURNING,-9.614725707711475,-6.3707683937114865,-4.614725707711476,-10.385274292288523,0.0
6.545306396030355,667,TURNING,-9.63025781014011,-6.418643539306521,-4.63025781014011,-10.36974218985989,0.0
6.565364626003429,668,TURNING,-9.645287996706926,-6.439754728948028,-4.645287996706925,-10.354712003293075,0.0
6.585363810008857,669,TURNING,-9.66214761033373,-6.450470377017382,-4.662147610333729,-10.337852389666269,0.0
6.605911642021965,670,TURNING,-9.679747421234282,-6.459188882257791,-4.679747421234282,-10.320252578765716,0.0
6.625516007014085,671,TURNING,-9.696394519452033,-6.5072777388295675,-4.696394519452035,-10.303605480547965,0.0
6.6457557520479895,672,TURNING,-9.712753014336101,-6.567438645041561,-4.7127530143361005,-10.287246985663899,0.0
6.665663062012754,673,TURNING,-9.728178933666955,-6.595885118273729,-4.728178933666957,-10.271821066333043,0.0
6.6857234130147845,674,TURNING,-9.745341240913177,-6.609936287059427,-4.7453412409131746,-10.254658759086823,0.0
6.706049291999079,675,TURNING,-9.763873141658948,-6.616452011492089,-4.763873141658947,-10.236126858341052,0.0
6.725878991011996,676,TURNING,-9.782203905743762,-6.658750388984664,-4.782203905743763,-10.217796094256236,0.0
6.7459921760018915,677,TURNING,-9.79529124871196,-6.722603376442452,-4.795291248711959,-10.20470875128804,0.0
6.765976215014234,678,TURNING,-9.811720359303695,-6.754754957269361,-4.811720359303694,-10.188279640696305,0.0
6.78611358202761,679,TURNING,-9.828986909669748,-6.769594007488773,-4.828986909669749,-10.171013090330252,0.0
6.80637781805126,680,TURNING,-9.847114457693802,-6.76994107984147,-4.847114457693803,-10.152885542306194,0.0
6.826259359018877,681,TURNING,-9.864731799307245,-6.796800986589166,-4.864731799307246,-10.135268200692753,0.0
6.846456951054279,682,TURNING,-9.881134065987014,-6.831177355255671,-4.881134065987015,-10.118865934012986,0.0
6.8663804570096545,683,TURNING,-9.895723935459037,-6.822462180423111,-4.895723935459037,-10.104276064540961,0.0
6.8863626820384525,684,TURNING,-9.91173490692146,-6.785360327792655,-4.911734906921462,-10.088265093078538,0.0
6.906637828040402,685,TURNING,-9.927110261374105,-6.73600473989171,-4.927110261374107,-10.072889738625893,0.0
6.926477975037415,686,TURNING,-9.940164977249959,-6.721042443212862,-4.940164977249959,-10.05983502275004,0.0
6.946496912045404,687,TURNING,-9.952102332891325,-6.750226188764564,-4.952102332891325,-10.047897667108675,0.0
6.966731147025712,688,TURNING,-9.966659149300732,-6.749762451307324,-4.966659149300733,-10.033340850699268,0.0
6.986708765034564,689,TURNING,-9.98419235701046,-6.73913355033088,-4.984192357010459,-10.015807642989541,0.0
7.00709300203016,690,TURNING,-10.004608286260353,-6.728214507051429,-5.004608286260353,-9.995391713739645,0.0
7.026808927010279,691,TURNING,-10.020119745580677,-6.759150194681565,-5.020119745580678,-9.979880254419319,0.0
7.047219182015397,692,TURNING,-10.038479668299248,-6.806792694417951,-5.038479668299248,-9.96152033170075,0.0
7.0671803270233795,693,TURNING,-10.056392756504957,-6.833871120460384,-5.056392756504961,-9.943607243495038,0.0
7.087553925055545,694,TURNING,-10.074317608411873,-6.858823937573823,-5.074317608411875,-9.925682391588124,0.0
7.107502630038653,695,TURNING,-10.09237452918655,-6.883612107898078,-5.09237452918655,-9.907625470813448,0.0
7.127338842023164,696,TURNING,-10.110199984790404,-6.946392060275397,-5.1101999847904045,-9.889800015209595,0.0
7.147467219037935,697,TURNING,-10.1265315326617,-7.003700227260389,-5.1265315326617,-9.873468467338299,0.0
7.167616717051715,698,TURNING,-10.141461010965898,-7.028950170332566,-5.141461010965897,-9.858538989034102,0.0
7.187523750006221,699,TURNING,-10.156880487071136,-7.040334002131092,-5.156880487071136,-9.843119512928862,0.0
7.20794041705085,700,TURNING,-10.173514135567153,-7.045365610783179,-5.173514135567156,-9.826485864432843,0.0
7.227638938056771,701,TURNING,-10.190925201346932,-7.087163507885198,-5.190925201346936,-9.809074798653063,0.0
7.2477787410025485,702,TURNING,-10.208697020201946,-7.153423373459535,-5.2086970202019485,-9.79130297979805,0.0
7.267792456026655,703,TURNING,-10.226562790173183,-7.188414757217827,-5.226562790173181,-9.773437209826819,0.0
7.287838509015273,704,TURNING,-10.244631561651069,-7.20648035568037,-5.244631561651068,-9.755368438348931,0.0
7.308121766021941,705,TURNING,-10.257560480705285,-7.210063630794249,-5.257560480705284,-9.742439519294715,0.0
7.32800609205151,706,TURNING,-10.27283958817378,-7.23998203298749,-5.272839588173779,-9.727160411826219,0.0
7.348051410051994,707,TURNING,-10.285535984281218,-7.275195309413196,-5.285535984281218,-9.71446401571878,0.0
7.368065420014318,708,TURNING,-10.29966738636698,-7.268854373363152,-5.2996673863669805,-9.700332613633018,0.0
7.38811658002669,709,TURNING,-10.316364276276925,-7.235818761737916,-5.316364276276923,-9.683635723723077,0.0
7.40844544704305,710,TURNING,-10.331812098342652,-7.189554312808906,-5.331812098342651,-9.66818790165735,0.0
7.4283168780384585,711,TURNING,-10.345199629120364,-7.175930368008161,-5.345199629120364,-9.654800370879634,0.0
7.448680961038917,712,TURNING,-10.357991250810537,-7.203505561485199,-5.357991250810536,-9.642008749189463,0.0
7.468471240019426,713,TURNING,-10.375824795315902,-7.201095306367935,-5.375824795315901,-9.624175204684098,0.0
7.4886776560451835,714,TURNING,-10.395125979994559,-7.185349778433899,-5.395125979994563,-9.604874020005436,0.0
7.509060912008863,715,TURNING,-10.411207685411119,-7.163949671923496,-5.411207685411119,-9.58879231458888,0.0
7.5286221710266545,716,TURNING,-10.424099793840407,-7.1775164253516,-5.424099793840406,-9.575900206159593,0.0
7.548758187040221,717,TURNING,-10.435358981002317,-7.200572108219334,-5.4353589810023175,-9.564641018997683,0.0
7.568879534024745,718,TURNING,-10.449840715842502,-7.193782412297866,-5.449840715842504,-9.550159284157495,0.0
7.588988227013033,719,TURNING,-10.466481252404035,-7.175513230573796,-5.466481252404036,-9.533518747595963,0.0
7.609408495016396,720,TURNING,-10.4774701397883,-7.157719060823766,-5.477470139788299,-9.5225298602117,0.0
7.629013145051431,721,TURNING,-10.491735523935777,-7.182514608303498,-5.491735523935779,-9.50826447606422,0.0
7.649235539021902,722,TURNING,-10.509392821506697,-7.23274453502954,-5.509392821506699,-9.490607178493299,0.0
7.669088433030993,723,TURNING,-10.528936513093232,-7.2633584833886635,-5.528936513093232,-9.471063486906766,0.0
7.689183905022219,724,TURNING,-10.5488603991746,-7.29379444411983,-5.548860399174596,-9.451139600825401,0.0
7.709448231034912,725,TURNING,-10.56866682514392,-7.324630871480422,-5.56866682514392,-9.431333174856078,0.0
7.729339889017865,726,TURNING,-10.588194642094294,-7.393219147374172,-5.588194642094294,-9.411805357905706,0.0
7.7493602220201865,727,TURNING,-10.60723672270982,-7.452031676459192,-5.6072367227098185,-9.39276327729018,0.0
7.7696064750198275,728,TURNING,-10.625635484377426,-7.47904884373591,-5.625635484377426,-9.374364515622572,0.0
7.789494102005847,729,TURNING,-10.643124972743326,-7.491516362954176,-5.6431249727433235,-9.356875027256676,0.0
7.8098032070556656,730,TURNING,-10.6598348507154,-7.496628461298244,-5.6598348507154,-9.340165149284598,0.0
7.82965620100731,731,TURNING,-10.676707841878436,-7.537229985404523,-5.676707841878436,-9.323292158121562,0.0
7.84966920001898,732,TURNING,-10.694193778669828,-7.601373500338531,-5.694193778669826,-9.305806221330172,0.0
7.869750649027992,733,TURNING,-10.712158639446912,-7.634398494528143,-5.712158639446912,-9.287841360553088,0.0
7.890057240030728,734,TURNING,-10.729191671376656,-7.651668212152573,-5.7291916713766575,-9.270808328623342,0.0
7.910180952050723,735,TURNING,-10.739900231143157,-7.655194661164951,-5.739900231143157,-9.260099768856842,0.0
7.930058570054825,736,TURNING,-10.753113697597044,-7.686127341102358,-5.753113697597044,-9.246886302402954,0.0
7.949997276009526,737,TURNING,-10.766557724011772,-7.722767181576389,-5.766557724011772,-9.233442275988226,0.0
7.970101102022454,738,TURNING,-10.78177640909943,-7.717807940772134,-5.781776409099432,-9.218223590900566,0.0
7.9901021890109405,739,TURNING,-10.799197414000336,-7.684925892096228,-5.799197414000335,-9.200802585999662,0.0
8.010500126052648,740,TURNING,-10.815513951325931,-7.638550093064355,-5.815513951325933,-9.184486048674065,0.0
8.030521044041961,741,TURNING,-10.830738796451424,-7.624478069802609,-5.830738796451423,-9.169261203548576,0.0
8.05040009203367,742,TURNING,-10.844666025745594,-7.651934265276381,-5.844666025745592,-9.155333974254406,0.0
8.070483776042238,743,TURNING,-10.85895563453045,-7.649857009351601,-5.858955634530449,-9.141044365469549,0.0
8.090553274028935,744,TURNING,-10.873733137491637,-7.6347140460139356,-5.873733137491632,-9.126266862508366,0.0
8.110972273047082,745,TURNING,-10.88656710811472,-7.613351496665649,-5.886567108114719,-9.11343289188528,0.0
8.13065601803828,746,TURNING,-10.898236141262615,-7.626061079705291,-5.898236141262615,-9.101763858737385,0.0
8.150744252023287,747,TURNING,-10.906600641817972,-7.647092473424867,-5.906600641817971,-9.093399358182026,0.0
8.170841892017052,748,TURNING,-10.91933938380976,-7.6381286837549265,-5.9193393838097625,-9.080660616190235,0.0
8.190867144032381,749,TURNING,-10.934902858183143,-7.618276309945803,-5.9349028581831424,-9.065097141816857,0.0
8.211241720011458,750,TURNING,-10.949205256170218,-7.599752839386069,-5.949205256170218,-9.050794743829782,0.0
8.231331565999426,751,TURNING,-10.962407574830893,-7.625070046592479,-5.962407574830893,-9.037592425169105,0.0
8.251263129001018,752,TURNING,-10.978177099423728,-7.67750993605929,-5.978177099423729,-9.02182290057627,0.0
8.271099724050146,753,TURNING,-10.995861594473824,-7.710911628144396,-5.995861594473826,-9.004138405526172,0.0
8.291176481056027,754,TURNING,-11.013198339248541,-7.744497162950251,-6.013198339248544,-8.986801660751457,0.0
8.311454225040507,755,TURNING,-11.02822882947835,-7.777533083018857,-6.0282288294783495,-8.971771170521649,0.0
8.331435103027616,756,TURNING,-11.043739451969119,-7.847081164655065,-6.043739451969119,-8.95626054803088,0.0
8.351380699023139,757,TURNING,-11.060129972938137,-7.904629620710294,-6.060129972938138,-8.939870027061861,0.0
8.371461848029867,758,TURNING,-11.07668593741525,-7.93054637402155,-6.0766859374152515,-8.923314062584748,0.0
8.39154237700859,759,TURNING,-11.092752432245007,-7.9421394247095245,-6.092752432245004,-8.907247567754995,0.0
8.411853379046079,760,TURNING,-11.10422958888503,-7.946305685600116,-6.104229588885031,-8.89577041111497,0.0
8.431778910045978,761,TURNING,-11.119328196480273,-7.986038721203426,-6.119328196480276,-8.880671803519725,0.0
8.451755833055358,762,TURNING,-11.135083773828656,-8.050171186303881,-6.135083773828656,-8.864916226171344,0.0
8.471717206004541,763,TURNING,-11.151867623907652,-8.083203100557448,-6.151867623907654,-8.848132376092346,0.0
8.491830217011739,764,TURNING,-11.168811017580806,-8.100929137646231,-6.168811017580808,-8.831188982419192,0.0
8.512089469004422,765,TURNING,-11.182534958840312,-8.10504241372326,-6.182534958840312,-8.81746504115969,0.0
8.531998824037146,766,TURNING,-11.194497683620755,-8.136560284275529,-6.194497683620755,-8.805502316379243,0.0
8.552067232027184,767,TURNING,-11.206431013832377,-8.173700943901755,-6.206431013832377,-8.793568986167621,0.0
8.57216233102372,768,TURNING,-11.220125303289883,-8.169539334022247,-6.220125303289884,-8.779874696710113,0.0
8.592147019051481,770,TURNING,-11.251347479975184,-8.093755681058008,-6.251347479975183,-8.748652520024816,0.0
8.61237708403496,770,TURNING,-11.251347479975184,-8.093755681058008,-6.251347479975183,-8.748652520024816,0.0
8.632225997047499,772,TURNING,-11.275722485936175,-8.108428424302149,-6.275722485936174,-8.724277514063823,0.0
8.652229619037826,772,TURNING,-11.275722485936175,-8.108428424302149,-6.275722485936174,-8.724277514063823,0.0
8.672731181024574,774,TURNING,-11.303011571654068,-8.091223336778908,-6.303011571654069,-8.69698842834593,0.0
8.692787207022775,775,TURNING,-11.315054478388587,-8.069776434239229,-6.315054478388588,-8.684945521611409,0.0
8.713220222038217,775,TURNING,-11.315054478388587,-8.069776434239229,-6.315054478388588,-8.684945521611409,0.0
8.73298417701153,776,TURNING,-11.325722056958918,-8.082144120142695,-6.325722056958917,-8.674277943041082,0.0
8.75305009103613,778,TURNING,-11.3468615815238,-8.090842210776454,-6.346861581523799,-8.6531384184762,0.0
8.77295159600908,779,TURNING,-11.360826121373574,-8.068452169909689,-6.360826121373573,-8.639173878626426,0.0
8.793002766033169,780,TURNING,-11.373740104383002,-8.047544145014554,-6.373740104383004,-8.626259895616997,0.0
8.813400829036254,780,TURNING,-11.373740104383002,-8.047544145014554,-6.373740104383004,-8.626259895616997,0.0
8.833248054026626,782,TURNING,-11.401999357776017,-8.123117341044999,-6.401999357776015,-8.598000642223983,0.0
8.853258808027022,783,TURNING,-11.418735605299338,-8.155893277461454,-6.418735605299339,-8.58126439470066,0.0
8.873271828051656,784,TURNING,-11.435742120805918,-8.189259588852343,-6.435742120805913,-8.564257879194086,0.0
8.893491592025384,785,TURNING,-11.452423767551462,-8.22256645418554,-6.452423767551462,-8.547576232448538,0.0
8.913878570019733,785,TURNING,-11.452423767551462,-8.22256645418554,-6.452423767551462,-8.547576232448538,0.0
8.93354282504879,787,TURNING,-11.480113962542294,-8.352412395178572,-6.480113962542294,-8.519886037457702,0.0
8.953595532046165,788,TURNING,-11.494831569326015,-8.379658054235154,-6.494831569326014,-8.505168430673985,0.0
8.973556826007552,789,TURNING,-11.508669679645298,-8.392622691616056,-6.508669679645294,-8.491330320354706,0.0
8.993616403022315,790,TURNING,-11.522685444954762,-8.399149930339242,-6.522685444954762,-8.477314555045236,0.0
9.014121571031865,790,TURNING,-11.522685444954762,-8.399149930339242,-6.522685444954762,-8.477314555045236,0.0
9.033752233022824,792,TURNING,-11.554529584320827,-8.509628673780096,-6.554529584320828,-8.445470415679173,0.0
9.0538442460238,793,TURNING,-11.57147417448447,-8.546717164558299,-6.571474174484472,-8.428525825515528,0.0
9.073869775049388,794,TURNING,-11.587261560589887,-8.566958015193688,-6.587261560589886,-8.412738439410113,0.0
9.093938585021533,795,TURNING,-11.598943211082712,-8.572266041184479,-6.598943211082713,-8.401056788917286,0.0
9.11455100600142,795,TURNING,-11.598943211082712,-8.572266041184479,-6.598943211082713,-8.401056788917286,0.0
9.134158902044874,797,TURNING,-11.620494501613198,-8.636845559761214,-6.620494501613197,-8.379505498386802,0.0
9.15417548903497,798,TURNING,-11.634357532206868,-8.628032017547298,-6.634357532206869,-8.36564246779313,0.0
9.174241189029999,799,TURNING,-11.646020980713123,-8.592223646255439,-6.6460209807131205,-8.353979019286879,0.0
9.194323767034803,800,TURNING,-11.660491907058852,-8.544093737597162,-6.6604919070588515,-8.339508092941147,0.0
9.214677379000932,800,TURNING,-11.660491907058852,-8.544093737597162,-6.6604919070588515,-8.339508092941147,0.0
9.234686891024467,802,TURNING,-11.686309185353048,-8.560029833093234,-6.686309185353049,-8.31369081464695,0.0
9.254545990028419,803,TURNING,-11.700216473344586,-8.561037196486572,-6.700216473344586,-8.299783526655412,0.0
9.274608864041511,804,TURNING,-11.714895833505123,-8.548869913317603,-6.714895833505125,-8.285104166494873,0.0
9.29462830000557,805,TURNING,-11.72661073913726,-8.52893906245205,-6.7266107391372625,-8.273389260862738,0.0
9.314872548042331,805,TURNING,-11.72661073913726,-8.52893906245205,-6.7266107391372625,-8.273389260862738,0.0
9.334930062002968,807,TURNING,-11.744495622893885,-8.559504525283456,-6.7444956228938855,-8.255504377106112,0.0
9.354914023017045,807,TURNING,-11.744495622893885,-8.559504525283456,-6.7444956228938855,-8.255504377106112,0.0
9.374944292008877,809,TURNING,-11.767388224087956,-8.522339003544728,-6.767388224087958,-8.23261177591204,0.0
9.395005635044072,810,TURNING,-11.77818823546317,-8.499515986855046,-6.778188235463175,-8.221811764536824,0.0
9.415251649043057,810,TURNING,-11.77818823546317,-8.499515986855046,-6.778188235463175,-8.221811764536824,0.0
9.435134993051179,812,TURNING,-11.804254664986063,-8.573243915803252,-6.804254664986061,-8.195745335013937,0.0
9.455291991005652,812,TURNING,-11.804254664986063,-8.573243915803252,-6.804254664986061,-8.195745335013937,0.0
9.475280247046612,814,TURNING,-11.833068151834416,-8.641209708569896,-6.833068151834417,-8.166931848165584,0.0
9.495349148055539,815,TURNING,-11.849598392508168,-8.67533689602701,-6.84959839250817,-8.150401607491828,0.0
9.515586463036016,815,TURNING,-11.849598392508168,-8.67533689602701,-6.84959839250817,-8.150401607491828,0.0
9.535512832051609,817,TURNING,-11.881391954893498,-8.803754772088892,-6.881391954893499,-8.1186080451065,0.0
9.555531033023726,818,TURNING,-11.89622316748715,-8.829173641690693,-6.8962231674871495,-8.10377683251285,0.0
9.575696485000663,819,TURNING,-11.910217218923535,-8.837282068180501,-6.910217218923534,-8.089782781076464,0.0
9.595621665008366,820,TURNING,-11.922588093098325,-8.8319808178436,-6.922588093098325,-8.077411906901673,0.0
9.616183875012212,820,TURNING,-11.922588093098325,-8.8319808178436,-6.922588093098325,-8.077411906901673,0.0
9.635815374029335,822,TURNING,-11.943383688626858,-8.892786256900916,-6.943383688626855,-8.056616311373144,0.0
9.655802761029918,823,TURNING,-11.954517131017791,-8.889500402323145,-6.9545171310177905,-8.045482868982207,0.0
9.675889310019556,824,TURNING,-11.968398230203764,-8.859976174054925,-6.9683982302037615,-8.031601769796238,0.0
9.696166516048834,825,TURNING,-11.982148769222523,-8.81700313761989,-6.982148769222521,-8.017851230777476,0.0
9.716654190036934,825,TURNING,-11.982148769222523,-8.81700313761989,-6.982148769222521,-8.017851230777476,0.0
9.736273257003631,827,TURNING,-12.007798624915024,-8.833314696620759,-7.007798624915024,-7.992201375084974,0.0
9.75624500302365,828,TURNING,-12.022466036402774,-8.83077800521411,-7.022466036402769,-7.97753396359723,0.0
9.776290932029951,829,TURNING,-12.0337115704844,-8.815736333160205,-7.0337115704843995,-7.966288429515599,0.0
9.796622682013549,830,TURNING,-12.046466169138856,-8.794241120890742,-7.046466169138858,-7.953533830861141,0.0
9.816620935045648,830,TURNING,-12.046466169138856,-8.794241120890742,-7.046466169138858,-7.953533830861141,0.0
9.836797718016896,832,TURNING,-12.067541310710773,-8.82739403187693,-7.067541310710775,-7.932458689289224,0.0
9.856568933057133,833,TURNING,-12.077499181815522,-8.817716023607742,-7.077499181815524,-7.922500818184475,0.0
9.876618689042516,834,TURNING,-12.088956683386957,-8.796521309240163,-7.088956683386957,-7.911043316613042,0.0
9.896821955044288,835,TURNING,-12.099157059467952,-8.776203855621556,-7.0991570594679505,-7.900842940532048,0.0
9.916941979026888,835,TURNING,-12.099157059467952,-8.776203855621556,-7.0991570594679505,-7.900842940532048,0.0
9.936851487029344,837,TURNING,-12.121344418348093,-8.850178724548227,-7.121344418348092,-7.878655581651907,0.0
9.95697265304625,838,TURNING,-12.137526530149723,-8.881584565083541,-7.137526530149724,-7.862473469850275,0.0
9.976946665032301,839,TURNING,-12.15427799134387,-8.914040487663458,-7.154277991343869,-7.8457220086561295,0.0
9.997990374045912,840,INTERRUPTED,-12.15427799134387,-8.94680093173453,-7.170829803573395,-7.829170196426604,0.0
