clip_frame,source_frame,clip_time_s,source_time_s
0,1813,0.0,36.26
1,1814,0.02,36.28
2,1815,0.04,36.3
3,1816,0.06,36.32
4,1817,0.08,36.34
5,1818,0.1,36.36
6,1819,0.12,36.38
7,1820,0.14,36.4
8,1821,0.16,36.42
9,1822,0.18,36.44
10,1823,0.2,36.46
11,1824,0.22,36.48
12,1825,0.24,36.5
13,1826,0.26,36.52
14,1827,0.28,36.54
15,1828,0.3,36.56
16,1829,0.32,36.58
17,1830,0.34,36.6
18,1831,0.36,36.62
19,1832,0.38,36.64
20,1833,0.4,36.66
21,1834,0.42,36.68
22,1835,0.44,36.7
23,1836,0.46,36.72
24,1837,0.48,36.74
25,1838,0.5,36.76
26,1839,0.52,36.78
27,1840,0.54,36.8
28,1841,0.56,36.82
29,1842,0.58,36.84
30,1843,0.6,36.86
31,1844,0.62,36.88
32,1845,0.64,36.9
33,1846,0.66,36.92
34,1847,0.68,36.94
35,1848,0.7,36.96
36,1849,0.72,36.98
37,1850,0.74,37.0
38,1851,0.76,37.02
39,1852,0.78,37.04
40,1853,0.8,37.06
41,1854,0.82,37.08
42,1855,0.84,37.1
43,1856,0.86,37.12
44,1857,0.88,37.14
45,1858,0.9,37.16
46,1859,0.92,37.18
47,1860,0.94,37.2
48,1861,0.96,37.22
49,1862,0.98,37.24
50,1863,1.0,37.26
51,1864,1.02,37.28
52,1865,1.04,37.3
53,1866,1.06,37.32
54,1867,1.08,37.34
55,1868,1.1,37.36
56,1869,1.12,37.38
57,1870,1.14,37.4
58,1871,1.16,37.42
59,1872,1.18,37.44
60,1873,1.2,37.46
61,1874,1.22,37.48
62,1875,1.24,37.5
63,1876,1.26,37.52
64,1877,1.28,37.54
65,1878,1.3,37.56
66,1879,1.32,37.58
67,1880,1.34,37.6
68,1881,1.36,37.62
69,1882,1.38,37.64
70,1883,1.4,37.66
71,1884,1.42,37.68
72,1885,1.44,37.7
73,1886,1.46,37.72
74,1887,1.48,37.74
75,1888,1.5,37.76
76,1889,1.52,37.78
77,1890,1.54,37.8
78,1891,1.56,37.82
79,1892,1.58,37.84
80,1893,1.6,37.86
81,1894,1.62,37.88
82,1895,1.64,37.9
83,1896,1.66,37.92
84,1897,1.68,37.94
85,1898,1.7,37.96
86,1899,1.72,37.98
87,1900,1.74,38.0
88,1901,1.76,38.02
89,1902,1.78,38.04
90,1903,1.8,38.06
91,1904,1.82,38.08
92,1905,1.84,38.1
93,1906,1.86,38.12
94,1907,1.88,38.14
95,1908,1.9,38.16
96,1909,1.92,38.18
97,1910,1.94,38.2
98,1911,1.96,38.22
99,1912,1.98,38.24
100,1913,2.0,38.26
101,1914,2.02,38.28
102,1915,2.04,38.3
103,1916,2.06,38.32
104,1917,2.08,38.34
105,1918,2.1,38.36
106,1919,2.12,38.38
107,1920,2.14,38.4
108,1921,2.16,38.42
109,1922,2.18,38.44
110,1923,2.2,38.46
111,1924,2.22,38.48
112,1925,2.24,38.5
113,1926,2.26,38.52
114,1927,2.28,38.54
115,1928,2.3,38.56
116,1929,2.32,38.58
117,1930,2.34,38.6
118,1931,2.36,38.62
119,1932,2.38,38.64
120,1933,2.4,38.66
121,1934,2.42,38.68
122,1935,2.44,38.7
123,1936,2.46,38.72
124,1937,2.48,38.74
125,1938,2.5,38.76
126,1939,2.52,38.78
127,1940,2.54,38.8
128,1941,2.56,38.82
129,1942,2.58,38.84
130,1943,2.6,38.86
131,1944,2.62,38.88
132,1945,2.64,38.9
133,1946,2.66,38.92
134,1947,2.68,38.94
135,1948,2.7,38.96
136,1949,2.72,38.98
137,1950,2.74,39.0
138,1951,2.76,39.02
139,1952,2.78,39.04
140,1953,2.8,39.06
141,1954,2.82,39.08
142,1955,2.84,39.1
143,1956,2.86,39.12
144,1957,2.88,39.14
145,1958,2.9,39.16
146,1959,2.92,39.18
147,1960,2.94,39.2
148,1961,2.96,39.22
149,1962,2.98,39.24
150,1963,3.0,39.26
151,1964,3.02,39.28
152,1965,3.04,39.3
153,1966,3.06,39.32
154,1967,3.08,39.34
155,1968,3.1,39.36
156,1969,3.12,39.38
157,1970,3.14,39.4
158,1971,3.16,39.42
159,1972,3.18,39.44
160,1973,3.2,39.46
161,1974,3.22,39.48
162,1975,3.24,39.5
163,1976,3.26,39.52
164,1977,3.28,39.54
165,1978,3.3,39.56
166,1979,3.32,39.58
167,1980,3.34,39.6
168,1981,3.36,39.62
169,1982,3.38,39.64
170,1983,3.4,39.66
171,1984,3.42,39.68
172,1985,3.44,39.7
173,1986,3.46,39.72
174,1987,3.48,39.74
175,1988,3.5,39.76
176,1989,3.52,39.78
177,1990,3.54,39.8
178,1991,3.56,39.82
179,1992,3.58,39.84
180,1993,3.6,39.86
181,1994,3.62,39.88
182,1995,3.64,39.9
183,1996,3.66,39.92
184,1997,3.68,39.94
185,1998,3.7,39.96
186,1999,3.72,39.98
187,2000,3.74,40.0
188,2001,3.76,40.02
189,2002,3.78,40.04
190,2003,3.8,40.06
191,2004,3.82,40.08
192,2005,3.84,40.1
193,2006,3.86,40.12
194,2007,3.88,40.14
195,2008,3.9,40.16
196,2009,3.92,40.18
197,2010,3.94,40.2
198,2011,3.96,40.22
199,2012,3.98,40.24
200,2013,4.0,40.26
201,2014,4.02,40.28
202,2015,4.04,40.3
203,2016,4.06,40.32
204,2017,4.08,40.34
205,2018,4.1,40.36
206,2019,4.12,40.38
207,2020,4.14,40.4
208,2021,4.16,40.42
209,2022,4.18,40.44
210,2023,4.2,40.46
211,2024,4.22,40.48
212,2025,4.24,40.5
213,2026,4.26,40.52
214,2027,4.28,40.54
215,2028,4.3,40.56
216,2029,4.32,40.58
217,2030,4.34,40.6
218,2031,4.36,40.62
219,2032,4.38,40.64
220,2033,4.4,40.66
221,2034,4.42,40.68
222,2035,4.44,40.7
223,2036,4.46,40.72
224,2037,4.48,40.74
225,2038,4.5,40.76
226,2039,4.52,40.78
227,2040,4.54,40.8
228,2041,4.56,40.82
229,2042,4.58,40.84
230,2043,4.6,40.86
231,2044,4.62,40.88
232,2045,4.64,40.9
233,2046,4.66,40.92
234,2047,4.68,40.94
235,2048,4.7,40.96
236,2049,4.72,40.98
237,2050,4.74,41.0
238,2051,4.76,41.02
239,2052,4.78,41.04
240,2053,4.8,41.06
241,2054,4.82,41.08
242,2055,4.84,41.1
243,2056,4.86,41.12
244,2057,4.88,41.14
245,2058,4.9,41.16
246,2059,4.92,41.18
247,2060,4.94,41.2
248,2061,4.96,41.22
249,2062,4.98,41.24
250,2063,5.0,41.26
251,2064,5.02,41.28
252,2065,5.04,41.3
253,2066,5.06,41.32
254,2067,5.08,41.34
255,2068,5.1,41.36
256,2069,5.12,41.38
257,2070,5.14,41.4
258,2071,5.16,41.42
259,2072,5.18,41.44
260,2073,5.2,41.46
261,2074,5.22,41.48
262,2075,5.24,41.5
263,2076,5.26,41.52
264,2077,5.28,41.54
265,2078,5.3,41.56
266,2079,5.32,41.58
267,2080,5.34,41.6
268,2081,5.36,41.62
269,2082,5.38,41.64
270,2083,5.4,41.66
271,2084,5.42,41.68
272,2085,5.44,41.7
273,2086,5.46,41.72
274,2087,5.48,41.74
275,2088,5.5,41.76
276,2089,5.52,41.78
277,2090,5.54,41.8
278,2091,5.56,41.82
279,2092,5.58,41.84
280,2093,5.6,41.86
281,2094,5.62,41.88
282,2095,5.64,41.9
283,2096,5.66,41.92
284,2097,5.68,41.94
285,2098,5.7,41.96
286,2099,5.72,41.98
287,2100,5.74,42.0
288,2101,5.76,42.02
289,2102,5.78,42.04
290,2103,5.8,42.06
291,2104,5.82,42.08
292,2105,5.84,42.1
293,2106,5.86,42.12
294,2107,5.88,42.14
295,2108,5.9,42.16
296,2109,5.92,42.18
297,2110,5.94,42.2
298,2111,5.96,42.22
299,2112,5.98,42.24
300,2113,6.0,42.26
301,2114,6.02,42.28
302,2115,6.04,42.3
303,2116,6.06,42.32
304,2117,6.08,42.34
305,2118,6.1,42.36
306,2119,6.12,42.38
307,2120,6.14,42.4
308,2121,6.16,42.42
309,2122,6.18,42.44
310,2123,6.2,42.46
311,2124,6.22,42.48
312,2125,6.24,42.5
313,2126,6.26,42.52
314,2127,6.28,42.54
315,2128,6.3,42.56
316,2129,6.32,42.58
317,2130,6.34,42.6
318,2131,6.36,42.62
319,2132,6.38,42.64
320,2133,6.4,42.66
321,2134,6.42,42.68
322,2135,6.44,42.7
323,2136,6.46,42.72
324,2137,6.48,42.74
325,2138,6.5,42.76
326,2139,6.52,42.78
327,2140,6.54,42.8
328,2141,6.56,42.82
329,2142,6.58,42.84
330,2143,6.6,42.86
331,2144,6.62,42.88
332,2145,6.64,42.9
333,2146,6.66,42.92
334,2147,6.68,42.94
335,2148,6.7,42.96
336,2149,6.72,42.98
337,2150,6.74,43.0
338,2151,6.76,43.02
339,2152,6.78,43.04
340,2153,6.8,43.06
341,2154,6.82,43.08
342,2155,6.84,43.1
343,2156,6.86,43.12
344,2157,6.88,43.14
345,2158,6.9,43.16
346,2159,6.92,43.18
347,2160,6.94,43.2
348,2161,6.96,43.22
349,2162,6.98,43.24
350,2163,7.0,43.26
351,2164,7.02,43.28
352,2165,7.04,43.3
353,2166,7.06,43.32
354,2167,7.08,43.34
355,2168,7.1,43.36
356,2169,7.12,43.38
357,2170,7.14,43.4
358,2171,7.16,43.42
359,2172,7.18,43.44
360,2173,7.2,43.46
361,2174,7.22,43.48
362,2175,7.24,43.5
363,2176,7.26,43.52
364,2177,7.28,43.54
365,2178,7.3,43.56
366,2179,7.32,43.58
367,2180,7.34,43.6
368,2181,7.36,43.62
369,2182,7.38,43.64
370,2183,7.4,43.66
371,2184,7.42,43.68
372,2185,7.44,43.7
373,2186,7.46,43.72
374,2187,7.48,43.74
375,2188,7.5,43.76
376,2189,7.52,43.78
377,2190,7.54,43.8
378,2191,7.56,43.82
379,2192,7.58,43.84
380,2193,7.6,43.86
381,2194,7.62,43.88
382,2195,7.64,43.9
383,2196,7.66,43.92
384,2197,7.68,43.94
385,2198,7.7,43.96
386,2199,7.72,43.98
387,2200,7.74,44.0
388,2201,7.76,44.02
389,2202,7.78,44.04
390,2203,7.8,44.06
391,2204,7.82,44.08
392,2205,7.84,44.1
393,2206,7.86,44.12
394,2207,7.88,44.14
395,2208,7.9,44.16
396,2209,7.92,44.18
397,2210,7.94,44.2
398,2211,7.96,44.22
399,2212,7.98,44.24
400,2213,8.0,44.26
401,2214,8.02,44.28
402,2215,8.04,44.3
403,2216,8.06,44.32
404,2217,8.08,44.34
405,2218,8.1,44.36
406,2219,8.12,44.38
407,2220,8.14,44.4
408,2221,8.16,44.42
409,2222,8.18,44.44
410,2223,8.2,44.46
411,2224,8.22,44.48
412,2225,8.24,44.5
413,2226,8.26,44.52
414,2227,8.28,44.54
415,2228,8.3,44.56
416,2229,8.32,44.58
417,2230,8.34,44.6
418,2231,8.36,44.62
419,2232,8.38,44.64
420,2233,8.4,44.66
421,2234,8.42,44.68
422,2235,8.44,44.7
423,2236,8.46,44.72
424,2237,8.48,44.74
425,2238,8.5,44.76
426,2239,8.52,44.78
427,2240,8.54,44.8
428,2241,8.56,44.82
429,2242,8.58,44.84
430,2243,8.6,44.86
431,2244,8.62,44.88
432,2245,8.64,44.9
433,2246,8.66,44.92
434,2247,8.68,44.94
435,2248,8.7,44.96
436,2249,8.72,44.98
437,2250,8.74,45.0
438,2251,8.76,45.02
439,2252,8.78,45.04
440,2253,8.8,45.06
441,2254,8.82,45.08
442,2255,8.84,45.1
443,2256,8.86,45.12
444,2257,8.88,45.14
445,2258,8.9,45.16
446,2259,8.92,45.18
447,2260,8.94,45.2
448,2261,8.96,45.22
449,2262,8.98,45.24
450,2263,9.0,45.26
451,2264,9.02,45.28
452,2265,9.04,45.3
453,2266,9.06,45.32
454,2267,9.08,45.34
455,2268,9.1,45.36
456,2269,9.12,45.38
457,2270,9.14,45.4
458,2271,9.16,45.42
459,2272,9.18,45.44
460,2273,9.2,45.46
461,2274,9.22,45.48
462,2275,9.24,45.5
463,2276,9.26,45.52
464,2277,9.28,45.54
465,2278,9.3,45.56
466,2279,9.32,45.58
467,2280,9.34,45.6
468,2281,9.36,45.62
469,2282,9.38,45.64
470,2283,9.4,45.66
471,2284,9.42,45.68
472,2285,9.44,45.7
473,2286,9.46,45.72
474,2287,9.48,45.74
475,2288,9.5,45.76
476,2289,9.52,45.78
477,2290,9.54,45.8
478,2291,9.56,45.82
479,2292,9.58,45.84
480,2293,9.6,45.86
481,2294,9.62,45.88
482,2295,9.64,45.9
483,2296,9.66,45.92
484,2297,9.68,45.94
485,2298,9.7,45.96
486,2299,9.72,45.98
487,2300,9.74,46.0
488,2301,9.76,46.02
489,2302,9.78,46.04
490,2303,9.8,46.06
491,2304,9.82,46.08
492,2305,9.84,46.1
493,2306,9.86,46.12
494,2307,9.88,46.14
495,2308,9.9,46.16
496,2309,9.92,46.18
497,2310,9.94,46.2
498,2311,9.96,46.22
499,2312,9.98,46.24
500,2313,10.0,46.26
501,2314,10.02,46.28
502,2315,10.04,46.3
503,2316,10.06,46.32
504,2317,10.08,46.34
505,2318,10.1,46.36
506,2319,10.12,46.38
507,2320,10.14,46.4
508,2321,10.16,46.42
509,2322,10.18,46.44
510,2323,10.2,46.46
511,2324,10.22,46.48
512,2325,10.24,46.5
513,2326,10.26,46.52
514,2327,10.28,46.54
515,2328,10.3,46.56
516,2329,10.32,46.58
517,2330,10.34,46.6
518,2331,10.36,46.62
519,2332,10.38,46.64
520,2333,10.4,46.66
521,2334,10.42,46.68
522,2335,10.44,46.7
523,2336,10.46,46.72
524,2337,10.48,46.74
525,2338,10.5,46.76
526,2339,10.52,46.78
527,2340,10.54,46.8
528,2341,10.56,46.82
529,2342,10.58,46.84
530,2343,10.6,46.86
531,2344,10.62,46.88
532,2345,10.64,46.9
533,2346,10.66,46.92
534,2347,10.68,46.94
535,2348,10.7,46.96
536,2349,10.72,46.98
537,2350,10.74,47.0
538,2351,10.76,47.02
539,2352,10.78,47.04
540,2353,10.8,47.06
541,2354,10.82,47.08
542,2355,10.84,47.1
543,2356,10.86,47.12
544,2357,10.88,47.14
545,2358,10.9,47.16
546,2359,10.92,47.18
547,2360,10.94,47.2
548,2361,10.96,47.22
549,2362,10.98,47.24
550,2363,11.0,47.26
551,2364,11.02,47.28
552,2365,11.04,47.3
553,2366,11.06,47.32
554,2367,11.08,47.34
555,2368,11.1,47.36
556,2369,11.12,47.38
557,2370,11.14,47.4
558,2371,11.16,47.42
559,2372,11.18,47.44
560,2373,11.2,47.46
561,2374,11.22,47.48
562,2375,11.24,47.5
563,2376,11.26,47.52
564,2377,11.28,47.54
565,2378,11.3,47.56
566,2379,11.32,47.58
567,2380,11.34,47.6
568,2381,11.36,47.62
569,2382,11.38,47.64
570,2383,11.4,47.66
571,2384,11.42,47.68
572,2385,11.44,47.7
573,2386,11.46,47.72
574,2387,11.48,47.74
575,2388,11.5,47.76
576,2389,11.52,47.78
577,2390,11.54,47.8
578,2391,11.56,47.82
579,2392,11.58,47.84
580,2393,11.6,47.86
581,2394,11.62,47.88
582,2395,11.64,47.9
583,2396,11.66,47.92
584,2397,11.68,47.94
585,2398,11.7,47.96
586,2399,11.72,47.98
587,2400,11.74,48.0
588,2401,11.76,48.02
589,2402,11.78,48.04
590,2403,11.8,48.06
591,2404,11.82,48.08
592,2405,11.84,48.1
593,2406,11.86,48.12
594,2407,11.88,48.14
595,2408,11.9,48.16
596,2409,11.92,48.18
597,2410,11.94,48.2
598,2411,11.96,48.22
599,2412,11.98,48.24
600,2413,12.0,48.26
601,2414,12.02,48.28
602,2415,12.04,48.3
603,2416,12.06,48.32
604,2417,12.08,48.34
605,2418,12.1,48.36
606,2419,12.12,48.38
607,2420,12.14,48.4
608,2421,12.16,48.42
609,2422,12.18,48.44
610,2423,12.2,48.46
611,2424,12.22,48.48
612,2425,12.24,48.5
613,2426,12.26,48.52
614,2427,12.28,48.54
615,2428,12.3,48.56
616,2429,12.32,48.58
617,2430,12.34,48.6
618,2431,12.36,48.62
619,2432,12.38,48.64
620,2433,12.4,48.66
621,2434,12.42,48.68
622,2435,12.44,48.7
623,2436,12.46,48.72
624,2437,12.48,48.74
625,2438,12.5,48.76
626,2439,12.52,48.78
627,2440,12.54,48.8
628,2441,12.56,48.82
629,2442,12.58,48.84
630,2443,12.6,48.86
631,2444,12.62,48.88
632,2445,12.64,48.9
633,2446,12.66,48.92
634,2447,12.68,48.94
635,2448,12.7,48.96
636,2449,12.72,48.98
637,2450,12.74,49.0
638,2451,12.76,49.02
639,2452,12.78,49.04
640,2453,12.8,49.06
641,2454,12.82,49.08
642,2455,12.84,49.1
643,2456,12.86,49.12
644,2457,12.88,49.14
645,2458,12.9,49.16
646,2459,12.92,49.18
647,2460,12.94,49.2
648,2461,12.96,49.22
649,2462,12.98,49.24
650,2463,13.0,49.26
651,2464,13.02,49.28
652,2465,13.04,49.3
653,2466,13.06,49.32
654,2467,13.08,49.34
655,2468,13.1,49.36
656,2469,13.12,49.38
657,2470,13.14,49.4
658,2471,13.16,49.42
659,2472,13.18,49.44
660,2473,13.2,49.46
661,2474,13.22,49.48
662,2475,13.24,49.5
663,2476,13.26,49.52
664,2477,13.28,49.54
665,2478,13.3,49.56
666,2479,13.32,49.58
667,2480,13.34,49.6
668,2481,13.36,49.62
669,2482,13.38,49.64
670,2483,13.4,49.66
671,2484,13.42,49.68
672,2485,13.44,49.7
673,2486,13.46,49.72
674,2487,13.48,49.74
675,2488,13.5,49.76
676,2489,13.52,49.78
677,2490,13.54,49.8
678,2491,13.56,49.82
679,2492,13.58,49.84
680,2493,13.6,49.86
681,2494,13.62,49.88
682,2495,13.64,49.9
683,2496,13.66,49.92
684,2497,13.68,49.94
685,2498,13.7,49.96
686,2499,13.72,49.98
687,2500,13.74,50.0
688,2501,13.76,50.02
689,2502,13.78,50.04
690,2503,13.8,50.06
691,2504,13.82,50.08
692,2505,13.84,50.1
693,2506,13.86,50.12
694,2507,13.88,50.14
695,2508,13.9,50.16
696,2509,13.92,50.18
697,2510,13.94,50.2
698,2511,13.96,50.22
699,2512,13.98,50.24
700,2513,14.0,50.26
701,2514,14.02,50.28
702,2515,14.04,50.3
703,2516,14.06,50.32
704,2517,14.08,50.34
705,2518,14.1,50.36
706,2519,14.12,50.38
707,2520,14.14,50.4
708,2521,14.16,50.42
709,2522,14.18,50.44
710,2523,14.2,50.46
711,2524,14.22,50.48
712,2525,14.24,50.5
713,2526,14.26,50.52
714,2527,14.28,50.54
715,2528,14.3,50.56
716,2529,14.32,50.58
717,2530,14.34,50.6
718,2531,14.36,50.62
719,2532,14.38,50.64
720,2533,14.4,50.66
721,2534,14.42,50.68
722,2535,14.44,50.7
723,2536,14.46,50.72
724,2537,14.48,50.74
725,2538,14.5,50.76
726,2539,14.52,50.78
727,2540,14.54,50.8
728,2541,14.56,50.82
729,2542,14.58,50.84
730,2543,14.6,50.86
731,2544,14.62,50.88
732,2545,14.64,50.9
733,2546,14.66,50.92
734,2547,14.68,50.94
735,2548,14.7,50.96
736,2549,14.72,50.98
737,2550,14.74,51.0
738,2551,14.76,51.02
739,2552,14.78,51.04
740,2553,14.8,51.06
741,2554,14.82,51.08
742,2555,14.84,51.1
743,2556,14.86,51.12
744,2557,14.88,51.14
745,2558,14.9,51.16
746,2559,14.92,51.18
747,2560,14.94,51.2
748,2561,14.96,51.22
749,2562,14.98,51.24
750,2563,15.0,51.26
751,2564,15.02,51.28
752,2565,15.04,51.3
753,2566,15.06,51.32
754,2567,15.08,51.34
755,2568,15.1,51.36
756,2569,15.12,51.38
757,2570,15.14,51.4
758,2571,15.16,51.42
759,2572,15.18,51.44
760,2573,15.2,51.46
761,2574,15.22,51.48
762,2575,15.24,51.5
763,2576,15.26,51.52
764,2577,15.28,51.54
765,2578,15.3,51.56
766,2579,15.32,51.58
767,2580,15.34,51.6
768,2581,15.36,51.62
769,2582,15.38,51.64
770,2583,15.4,51.66
771,2584,15.42,51.68
772,2585,15.44,51.7
773,2586,15.46,51.72
774,2587,15.48,51.74
775,2588,15.5,51.76
776,2589,15.52,51.78
777,2590,15.54,51.8
778,2591,15.56,51.82
779,2592,15.58,51.84
780,2593,15.6,51.86
781,2594,15.62,51.88
782,2595,15.64,51.9
783,2596,15.66,51.92
784,2597,15.68,51.94
785,2598,15.7,51.96
786,2599,15.72,51.98
787,2600,15.74,52.0
788,2601,15.76,52.02
789,2602,15.78,52.04
790,2603,15.8,52.06
791,2604,15.82,52.08
792,2605,15.84,52.1
793,2606,15.86,52.12
794,2607,15.88,52.14
795,2608,15.9,52.16
796,2609,15.92,52.18
797,2610,15.94,52.2
798,2611,15.96,52.22
799,2612,15.98,52.24
800,2613,16.0,52.26
801,2614,16.02,52.28
802,2615,16.04,52.3
803,2616,16.06,52.32
804,2617,16.08,52.34
805,2618,16.1,52.36
806,2619,16.12,52.38
807,2620,16.14,52.4
808,2621,16.16,52.42
809,2622,16.18,52.44
810,2623,16.2,52.46
811,2624,16.22,52.48
812,2625,16.24,52.5
813,2626,16.26,52.52
814,2627,16.28,52.54
815,2628,16.3,52.56
816,2629,16.32,52.58
817,2630,16.34,52.6
818,2631,16.36,52.62
819,2632,16.38,52.64
820,2633,16.4,52.66
821,2634,16.42,52.68
822,2635,16.44,52.7
823,2636,16.46,52.72
824,2637,16.48,52.74
825,2638,16.5,52.76
826,2639,16.52,52.78
827,2640,16.54,52.8
828,2641,16.56,52.82
829,2642,16.58,52.84
830,2643,16.6,52.86
831,2644,16.62,52.88
832,2645,16.64,52.9
833,2646,16.66,52.92
834,2647,16.68,52.94
835,2648,16.7,52.96
836,2649,16.72,52.98
837,2650,16.74,53.0
838,2651,16.76,53.02
839,2652,16.78,53.04
840,2653,16.8,53.06
841,2654,16.82,53.08
842,2655,16.84,53.1
843,2656,16.86,53.12
844,2657,16.88,53.14
845,2658,16.9,53.16
846,2659,16.92,53.18
847,2660,16.94,53.2
848,2661,16.96,53.22
849,2662,16.98,53.24
850,2663,17.0,53.26
851,2664,17.02,53.28
852,2665,17.04,53.3
853,2666,17.06,53.32
854,2667,17.08,53.34
855,2668,17.1,53.36
856,2669,17.12,53.38
857,2670,17.14,53.4
858,2671,17.16,53.42
859,2672,17.18,53.44
860,2673,17.2,53.46
861,2674,17.22,53.48
862,2675,17.24,53.5
863,2676,17.26,53.52
864,2677,17.28,53.54
865,2678,17.3,53.56
866,2679,17.32,53.58
867,2680,17.34,53.6
868,2681,17.36,53.62
869,2682,17.38,53.64
870,2683,17.4,53.66
871,2684,17.42,53.68
872,2685,17.44,53.7
873,2686,17.46,53.72
874,2687,17.48,53.74
875,2688,17.5,53.76
876,2689,17.52,53.78
877,2690,17.54,53.8
878,2691,17.56,53.82
879,2692,17.58,53.84
880,2693,17.6,53.86
881,2694,17.62,53.88
882,2695,17.64,53.9
883,2696,17.66,53.92
884,2697,17.68,53.94
885,2698,17.7,53.96
886,2699,17.72,53.98
887,2700,17.74,54.0
888,2701,17.76,54.02
889,2702,17.78,54.04
890,2703,17.8,54.06
891,2704,17.82,54.08
892,2705,17.84,54.1
893,2706,17.86,54.12
894,2707,17.88,54.14
895,2708,17.9,54.16
896,2709,17.92,54.18
897,2710,17.94,54.2
898,2711,17.96,54.22
899,2712,17.98,54.24
900,2713,18.0,54.26
901,2714,18.02,54.28
902,2715,18.04,54.3
903,2716,18.06,54.32
904,2717,18.08,54.34
905,2718,18.1,54.36
906,2719,18.12,54.38
907,2720,18.14,54.4
908,2721,18.16,54.42
909,2722,18.18,54.44
910,2723,18.2,54.46
911,2724,18.22,54.48
912,2725,18.24,54.5
913,2726,18.26,54.52
914,2727,18.28,54.54
915,2728,18.3,54.56
916,2729,18.32,54.58
917,2730,18.34,54.6
918,2731,18.36,54.62
919,2732,18.38,54.64
920,2733,18.4,54.66
921,2734,18.42,54.68
922,2735,18.44,54.7
923,2736,18.46,54.72
924,2737,18.48,54.74
925,2738,18.5,54.76
926,2739,18.52,54.78
927,2740,18.54,54.8
928,2741,18.56,54.82
929,2742,18.58,54.84
930,2743,18.6,54.86
931,2744,18.62,54.88
932,2745,18.64,54.9
933,2746,18.66,54.92
934,2747,18.68,54.94
935,2748,18.7,54.96
936,2749,18.72,54.98
