video_frame,full_video_time_s,pose_row,host_at,pose_host_at,sim_time,phase,torso_yaw_deg,facing_deg,target_deg,goal_deg,pelvis_height_m
0,0.0,0,471032.953599281,471032.953599281,0.005,INITIALIZATION / virtual support band ON,5.91695713264985e-05,,,,0.794309940683186
1,0.1,0,471033.053599281,471032.953599281,0.005,INITIALIZATION / virtual support band ON,5.91695713264985e-05,,,,0.794309940683186
2,0.2,1,471033.15359928104,471033.054677435,0.10500000000000002,INITIALIZATION / virtual support band ON,0.0003488646640855182,,,,0.9058698437784349
3,0.3,2,471033.253599281,471033.156148526,0.2050000000000001,INITIALIZATION / virtual support band ON,-0.00038134137691449044,,,,0.9546752824124993
4,0.4,3,471033.35359928105,471033.257474419,0.30500000000000016,INITIALIZATION / virtual support band ON,-0.0038676351407987627,,,,0.9646299030019775
5,0.5,4,471033.453599281,471033.359038643,0.40500000000000025,INITIALIZATION / virtual support band ON,0.003915449576524453,,,,0.9641495979833028
6,0.6,5,471033.553599281,471033.460438008,0.5050000000000003,INITIALIZATION / virtual support band ON,0.004052601000863737,,,,0.9604887041142204
7,0.7,6,471033.65359928104,471033.561435835,0.6050000000000004,INITIALIZATION / virtual support band ON,0.005724583862509431,,,,0.96598755160068
8,0.8,7,471033.753599281,471033.662743224,0.7050000000000005,INITIALIZATION / virtual support band ON,0.004306481233676466,,,,0.9648033758869127
9,0.9,8,471033.85359928105,471033.763908117,0.8050000000000006,INITIALIZATION / virtual support band ON,0.0034768870765203336,,,,0.9639366066094907
10,1.0,9,471033.953599281,471033.865247619,0.9050000000000007,INITIALIZATION / virtual support band ON,0.002722394209863787,,,,0.9649125926033306
11,1.1,10,471034.053599281,471033.966617456,1.0050000000000006,INITIALIZATION / virtual support band ON,0.0015353487235682207,,,,0.9643940590525392
12,1.2,11,471034.15359928104,471034.068350211,1.1049999999999984,INITIALIZATION / virtual support band ON,-0.0054961657756741,,,,0.9643350648130854
13,1.3,12,471034.253599281,471034.169570889,1.2049999999999963,INITIALIZATION / virtual support band ON,-0.006666833189517345,,,,0.9646576885143424
14,1.4,13,471034.35359928105,471034.270748068,1.3049999999999942,INITIALIZATION / virtual support band ON,-0.009573605446760648,,,,0.9645755690231608
15,1.5,14,471034.453599281,471034.372232386,1.404999999999992,INITIALIZATION / virtual support band ON,-0.008706085984869737,,,,0.9644763635064596
16,1.6,15,471034.553599281,471034.473423286,1.50499999999999,INITIALIZATION / virtual support band ON,-0.009769169034288571,,,,0.9645536749818389
17,1.7,16,471034.65359928104,471034.574753977,1.6049999999999878,INITIALIZATION / virtual support band ON,-0.011989869238972833,,,,0.9644920623797119
18,1.8,17,471034.753599281,471034.676384877,1.7049999999999856,INITIALIZATION / virtual support band ON,-0.012699153586025245,,,,0.9644890017376935
19,1.9,18,471034.85359928105,471034.77806084,1.8049999999999835,INITIALIZATION / virtual support band ON,-0.013047548015098541,,,,0.9645206485660153
20,2.0,19,471034.953599281,471034.87869005,1.9049999999999814,INITIALIZATION / virtual support band ON,-0.014364432844831293,,,,0.9645235219539321
21,2.1,20,471035.053599281,471034.979980936,2.0049999999999795,INITIALIZATION / virtual support band ON,-0.015812393886353825,,,,0.964536701328641
22,2.2,21,471035.15359928104,471035.081217923,2.1049999999999773,INITIALIZATION / virtual support band ON,-0.016573512099533862,,,,0.9645497777443534
23,2.3,22,471035.253599281,471035.18248982,2.204999999999975,INITIALIZATION / virtual support band ON,-0.017363569308630294,,,,0.9645127043881747
24,2.4,23,471035.35359928105,471035.283862738,2.304999999999973,INITIALIZATION / virtual support band ON,-0.018610886661627395,,,,0.9645130393874738
25,2.5,24,471035.453599281,471035.385324558,2.404999999999971,INITIALIZATION / virtual support band ON,-0.019835817274575916,,,,0.9645128139324655
26,2.6,25,471035.553599281,471035.486632582,2.504999999999969,INITIALIZATION / virtual support band ON,-0.020761677442062258,,,,0.9645172276387501
27,2.7,26,471035.65359928104,471035.587972162,2.6049999999999667,INITIALIZATION / virtual support band ON,-0.021794832144236557,,,,0.96453197380838
28,2.8,27,471035.753599281,471035.689337937,2.7049999999999645,INITIALIZATION / virtual support band ON,-0.023185459159810354,,,,0.9645342344146635
29,2.9,28,471035.85359928105,471035.791634168,2.8049999999999624,INITIALIZATION / virtual support band ON,-0.024466795749585532,,,,0.96450332860069
30,3.0,29,471035.953599281,471035.892628777,2.9049999999999603,INITIALIZATION / virtual support band ON,-0.025626011851174618,,,,0.9645297097854558
31,3.1,30,471036.053599281,471035.993743366,3.004999999999958,INITIALIZATION / virtual support band ON,-0.02696689266691209,,,,0.9645182444378767
32,3.2,31,471036.15359928104,471036.094915412,3.104999999999956,INITIALIZATION / virtual support band ON,-0.02837109357071583,,,,0.9645168589737435
33,3.3,32,471036.253599281,471036.196191443,3.204999999999954,INITIALIZATION / virtual support band ON,-0.0297156544787512,,,,0.9645232178910598
34,3.4,33,471036.35359928105,471036.297765443,3.3049999999999518,INITIALIZATION / virtual support band ON,-0.03096576227646484,,,,0.9645121013850725
35,3.5,34,471036.453599281,471036.399574375,3.4049999999999496,INITIALIZATION / virtual support band ON,-0.032390737463456734,,,,0.964521428060077
36,3.6,35,471036.553599281,471036.500172033,3.5049999999999475,INITIALIZATION / virtual support band ON,-0.03375689855168879,,,,0.9645375191922697
37,3.7,36,471036.65359928104,471036.601691286,3.6049999999999454,INITIALIZATION / virtual support band ON,-0.03486563142573373,,,,0.9645182040720252
38,3.8,37,471036.753599281,471036.703214302,3.7049999999999432,INITIALIZATION / virtual support band ON,-0.036516523737976,,,,0.9645208290402987
39,3.9,38,471036.85359928105,471036.804605075,3.804999999999941,INITIALIZATION / virtual support band ON,-0.03798644136770306,,,,0.9645227621961456
40,4.0,39,471036.953599281,471036.90555416,3.904999999999939,INITIALIZATION / virtual support band ON,-0.03950475529014111,,,,0.964521144487066
41,4.1,40,471037.053599281,471037.006940668,4.004999999999937,INITIALIZATION / virtual support band ON,-0.04104523824318781,,,,0.9645212933215462
42,4.2,41,471037.15359928104,471037.108610486,4.104999999999935,INITIALIZATION / virtual support band ON,-0.042600732816873516,,,,0.9645224523845722
43,4.3,42,471037.253599281,471037.209726542,4.204999999999933,INITIALIZATION / virtual support band ON,-0.04419598606269025,,,,0.9645221420885871
44,4.4,43,471037.35359928105,471037.31109089,4.30499999999993,INITIALIZATION / virtual support band ON,-0.045832825117159054,,,,0.964521499943078
45,4.5,44,471037.453599281,471037.41235799,4.404999999999928,INITIALIZATION / virtual support band ON,-0.047495245916037133,,,,0.9645218067233585
46,4.6,45,471037.553599281,471037.513577903,4.504999999999926,INITIALIZATION / virtual support band ON,-0.04918554155136521,,,,0.9645221317190458
47,4.7,46,471037.65359928104,471037.614824398,4.604999999999924,INITIALIZATION / virtual support band ON,-0.05091552141626796,,,,0.9645218878106541
48,4.8,47,471037.753599281,471037.716171552,4.704999999999922,INITIALIZATION / virtual support band ON,-0.05268314892798637,,,,0.9645217423276646
49,4.9,48,471037.85359928105,471037.817606352,4.80499999999992,INITIALIZATION / virtual support band ON,-0.05448192354165533,,,,0.9645219168569666
50,5.0,49,471037.953599281,471037.918745981,4.904999999999918,INITIALIZATION / virtual support band ON,-0.05631547625442698,,,,0.9645219711111086
51,5.1,50,471038.053599281,471038.020045553,5.0049999999999155,INITIALIZATION / virtual support band ON,-0.058189044852830635,,,,0.9645218577441741
52,5.2,51,471038.15359928104,471038.121314993,5.104999999999913,INITIALIZATION / virtual support band ON,-0.06010073157888813,,,,0.9645218482381067
53,5.3,52,471038.253599281,471038.22277581,5.204999999999911,INITIALIZATION / virtual support band ON,-0.06204860149065041,,,,0.9645219185930598
54,5.4,53,471038.35359928105,471038.324019115,5.304999999999909,INITIALIZATION / virtual support band ON,-0.0640356371140959,,,,0.9645219116648788
55,5.5,54,471038.453599281,471038.425537875,5.404999999999907,INITIALIZATION / virtual support band ON,-0.06606415984879145,,,,0.964521871971854
56,5.6,55,471038.553599281,471038.526817592,5.504999999999905,INITIALIZATION / virtual support band ON,-0.06813324605984335,,,,0.9645218845825346
57,5.7,56,471038.65359928104,471038.628248728,5.604999999999903,INITIALIZATION / virtual support band ON,-0.07024292650347831,,,,0.9645219066218553
58,5.8,57,471038.753599281,471038.729640618,5.704999999999901,INITIALIZATION / virtual support band ON,-0.0723953479846998,,,,0.9645218956546606
59,5.9,58,471038.85359928105,471038.830804857,5.8049999999998985,INITIALIZATION / virtual support band ON,-0.07459172421072353,,,,0.9645218853808359
60,6.0,59,471038.953599281,471038.932392057,5.904999999999896,INITIALIZATION / virtual support band ON,-0.07683198360909207,,,,0.9645218946034876
61,6.1,60,471039.053599281,471039.033564977,6.004999999999894,INITIALIZATION / virtual support band ON,-0.07911691453306001,,,,0.9645218996366132
62,6.2,61,471039.15359928104,471039.134754833,6.104999999999892,INITIALIZATION / virtual support band ON,-0.08144809434652492,,,,0.9645218938332605
63,6.3,62,471039.253599281,471039.236278859,6.20499999999989,INITIALIZATION / virtual support band ON,-0.08382642684910327,,,,0.9645218925800758
64,6.4,63,471039.35359928105,471039.337571828,6.304999999999888,INITIALIZATION / virtual support band ON,-0.08625240590956036,,,,0.964521896881127
65,6.5,64,471039.453599281,471039.438834111,6.404999999999886,INITIALIZATION / virtual support band ON,-0.08872708272898513,,,,0.9645218973807912
66,6.6,65,471039.553599281,471039.539990252,6.5049999999998835,INITIALIZATION / virtual support band ON,-0.09125174322585614,,,,0.9645218952795516
67,6.7,66,471039.65359928104,471039.641446373,6.604999999999881,INITIALIZATION / virtual support band ON,-0.09382729107083686,,,,0.9645218959196504
68,6.8,67,471039.753599281,471039.743044066,6.704999999999879,INITIALIZATION / virtual support band ON,-0.09645456116000109,,,,0.964521897561176
69,6.9,68,471039.85359928105,471039.844196967,6.804999999999877,INITIALIZATION / virtual support band ON,-0.09913469853543745,,,,0.9645218973580426
70,7.0,69,471039.953599281,471039.945456089,6.904999999999875,INITIALIZATION / virtual support band ON,-0.10186888751272037,,,,0.9645218968939409
71,7.1,70,471040.053599281,471040.046774045,7.004999999999873,INITIALIZATION / virtual support band ON,-0.10465813176022523,,,,0.9645218975604418
72,7.2,71,471040.15359928104,471040.148240959,7.104999999999871,INITIALIZATION / virtual support band ON,-0.10750347405407101,,,,0.9645218981482333
73,7.3,72,471040.253599281,471040.249405169,7.204999999999869,INITIALIZATION / virtual support band ON,-0.11040611587043561,,,,0.9645218980618221
74,7.4,73,471040.35359928105,471040.35091635,7.3049999999998665,INITIALIZATION / virtual support band ON,-0.11336724918742465,,,,0.9645218981364188
75,7.5,74,471040.453599281,471040.452242126,7.404999999999864,INITIALIZATION / virtual support band ON,-0.11638799997901894,,,,0.9645218985670034
76,7.6,74,471040.553599281,471040.452242126,7.404999999999864,INITIALIZATION / virtual support band ON,-0.11638799997901894,,,,0.9645218985670034
77,7.7,75,471040.65359928104,471040.553602144,7.504999999999862,INITIALIZATION / virtual support band ON,-0.11946955326244106,,,,0.9645218988196333
78,7.8,76,471040.753599281,471040.65494681,7.60499999999986,INITIALIZATION / virtual support band ON,-0.12261317424776245,,,,0.9645218988814679
79,7.9,77,471040.85359928105,471040.756073737,7.704999999999858,INITIALIZATION / virtual support band ON,-0.12582011997124987,,,,0.9645218990735439
80,8.0,78,471040.953599281,471040.857400083,7.804999999999856,INITIALIZATION / virtual support band ON,-0.12909163881650693,,,,0.9645218993425326
81,8.1,79,471041.053599281,471040.958816419,7.904999999999854,INITIALIZATION / virtual support band ON,-0.13242903234882078,,,,0.9645218995081931
82,8.2,80,471041.15359928104,471041.061266194,8.004999999999852,INITIALIZATION / virtual support band ON,-0.1358336473389166,,,,0.9645218996374891
83,8.3,81,471041.253599281,471041.161543272,8.104999999999867,INITIALIZATION / virtual support band ON,-0.13930683533359073,,,,0.9645218998254429
84,8.4,82,471041.35359928105,471041.262780563,8.204999999999883,INITIALIZATION / virtual support band ON,-0.14284996517421464,,,,0.9645219000145115
85,8.5,83,471041.453599281,471041.364097949,8.304999999999898,INITIALIZATION / virtual support band ON,-0.14646444995248098,,,,0.9645219001597244
86,8.6,84,471041.553599281,471041.465435002,8.404999999999914,INITIALIZATION / virtual support band ON,-0.15015173536213502,,,,0.9645219003044918
87,8.7,85,471041.65359928104,471041.566828497,8.50499999999993,INITIALIZATION / virtual support band ON,-0.15391328391934014,,,,0.9645219004677472
88,8.8,86,471041.753599281,471041.668175453,8.604999999999945,INITIALIZATION / virtual support band ON,-0.15775058640528727,,,,0.964521900620502
89,8.9,87,471041.85359928105,471041.769449473,8.704999999999961,INITIALIZATION / virtual support band ON,-0.16166517208638026,,,,0.9645219007575244
90,9.0,88,471041.953599281,471041.870940677,8.804999999999977,INITIALIZATION / virtual support band ON,-0.16565860039606148,,,,0.9645219008975282
91,9.1,89,471042.053599281,471041.972395253,8.904999999999992,INITIALIZATION / virtual support band ON,-0.16973245626711292,,,,0.964521901040471
92,9.2,90,471042.15359928104,471042.074105576,9.005000000000008,INITIALIZATION / virtual support band ON,-0.17388835770041905,,,,0.9645219011756498
93,9.3,91,471042.253599281,471042.174900346,9.105000000000024,INITIALIZATION / virtual support band ON,-0.1781279590018147,,,,0.9645219013055623
94,9.4,92,471042.35359928105,471042.276506781,9.20500000000004,INITIALIZATION / virtual support band ON,-0.18245294627032022,,,,0.9645219014365018
95,9.5,93,471042.453599281,471042.377809335,9.305000000000055,INITIALIZATION / virtual support band ON,-0.1868650370590053,,,,0.9645219015661644
96,9.6,94,471042.553599281,471042.479176505,9.40500000000007,INITIALIZATION / virtual support band ON,-0.19136598476508743,,,,0.9645219016916311
97,9.7,95,471042.65359928104,471042.580608446,9.505000000000086,INITIALIZATION / virtual support band ON,-0.19595757945965772,,,,0.9645219018152096
98,9.8,96,471042.753599281,471042.681699455,9.605000000000102,INITIALIZATION / virtual support band ON,-0.20064164602403836,,,,0.96452190193856
99,9.9,97,471042.85359928105,471042.783367076,9.705000000000117,INITIALIZATION / virtual support band ON,-0.20542004516824483,,,,0.9645219020603487
100,10.0,98,471042.953599281,471042.884543567,9.805000000000133,INITIALIZATION / virtual support band ON,-0.21029467589439085,,,,0.964521902180198
101,10.1,99,471043.053599281,471042.986035106,9.905000000000149,INITIALIZATION / virtual support band ON,-0.21526747578515804,,,,0.9645219022993221
102,10.2,100,471043.15359928104,471043.086958599,10.005000000000164,INITIALIZATION / virtual support band ON,-0.22034042065312578,,,,0.9645219024180546
103,10.3,101,471043.253599281,471043.188277011,10.10500000000018,INITIALIZATION / virtual support band ON,-0.22551552581075493,,,,0.964521902535946
104,10.4,102,471043.35359928105,471043.289567708,10.205000000000195,INITIALIZATION / virtual support band ON,-0.2307948475636296,,,,0.9645219026532199
105,10.5,103,471043.453599281,471043.390817027,10.305000000000211,INITIALIZATION / virtual support band ON,-0.23618048358354582,,,,0.9645219027704316
106,10.6,104,471043.553599281,471043.492485915,10.405000000000227,INITIALIZATION / virtual support band ON,-0.24167560653755338,,,,0.9645219029698691
107,10.7,105,471043.65359928104,471043.593887014,10.505000000000242,INITIALIZATION / virtual support band ON,-0.2479341814911918,,,,0.964521908027751
108,10.8,106,471043.753599281,471043.695018489,10.605000000000258,INITIALIZATION / virtual support band ON,-0.25681213719953444,,,,0.9645219195337112
109,10.9,107,471043.85359928105,471043.796542838,10.705000000000274,INITIALIZATION / virtual support band ON,-0.2707113511503619,,,,0.9645219382419172
110,11.0,108,471043.953599281,471043.89798797,10.80500000000029,INITIALIZATION / virtual support band ON,-0.29340347348749674,,,,0.9645219690671691
111,11.1,109,471044.053599281,471043.999430066,10.905000000000305,INITIALIZATION / virtual support band ON,-0.3305465903487168,,,,0.9645220243278482
112,11.2,110,471044.15359928104,471044.100634974,11.00500000000032,INITIALIZATION / virtual support band ON,-0.3910175152785945,,,,0.9645221316981376
113,11.3,111,471044.253599281,471044.201873234,11.105000000000336,INITIALIZATION / virtual support band ON,-0.48901934514851575,,,,0.9645223532895592
114,11.4,112,471044.35359928105,471044.303550698,11.205000000000352,INITIALIZATION / virtual support band ON,-0.6471935964583563,,,,0.9645228363595938
115,11.5,113,471044.453599281,471044.404490596,11.305000000000367,INITIALIZATION / virtual support band ON,-0.9029349403857602,,,,0.9645240027431935
116,11.6,114,471044.553599281,471044.505838042,11.405000000000383,INITIALIZATION / virtual support band ON,-1.3505084225703017,,,,0.9645285841731601
117,11.7,115,471044.65359928104,471044.607324228,11.505000000000399,INITIALIZATION / virtual support band ON,-2.369640938439643,,,,0.9645475854391864
118,11.8,116,471044.753599281,471044.70929485,11.605000000000414,INITIALIZATION / virtual support band ON,-5.365077885547156,,,,0.9646381084946225
119,11.9,117,471044.85359928105,471044.810648777,11.70500000000043,INITIALIZATION / virtual support band ON,-13.561799463265897,,,,0.9650599434123832
120,12.0,118,471044.953599281,471044.91183771,11.805000000000446,INITIALIZATION / virtual support band ON,-26.556830340736532,,,,0.966059967471108
121,12.1,119,471045.053599281,471045.01344833,11.905000000000461,INITIALIZATION / virtual support band ON,-34.59211301070919,,,,0.9635592677925805
122,12.2,120,471045.15359928104,471045.114659554,12.005000000000477,INITIALIZATION / virtual support band ON,-27.75668481516402,,,,0.962056000546102
123,12.3,121,471045.253599281,471045.215874756,12.105000000000492,INITIALIZATION / virtual support band ON,-28.0903864524179,,,,0.9661065438906421
124,12.4,122,471045.35359928105,471045.317158357,12.205000000000508,INITIALIZATION / virtual support band ON,-28.696946711780715,,,,0.9640509198137834
125,12.5,123,471045.453599281,471045.41844932,12.305000000000524,INITIALIZATION / virtual support band ON,-27.363236655089676,,,,0.9641303940446504
126,12.6,124,471045.553599281,471045.519728787,12.40500000000054,INITIALIZATION / virtual support band ON,-27.403997180004488,,,,0.9650501631956998
127,12.7,125,471045.65359928104,471045.621110483,12.505000000000555,INITIALIZATION / virtual support band ON,-26.753110297583433,,,,0.9643808745613028
128,12.8,126,471045.753599281,471045.722259165,12.60500000000057,INITIALIZATION / virtual support band ON,-25.785057737986953,,,,0.9644067661430202
129,12.9,127,471045.85359928105,471045.823631845,12.705000000000586,INITIALIZATION / virtual support band ON,-25.040031898570557,,,,0.9645580733179457
130,13.0,128,471045.953599281,471045.925087255,12.805000000000602,INITIALIZATION / virtual support band ON,-24.374710047620688,,,,0.9645108586729227
131,13.1,129,471046.053599281,471046.026823903,12.905000000000618,INITIALIZATION / virtual support band ON,-23.932008655004193,,,,0.9645112650662122
132,13.2,130,471046.15359928104,471046.128057086,13.005000000000633,INITIALIZATION / virtual support band ON,-23.853262539154287,,,,0.9645637276571231
133,13.3,131,471046.253599281,471046.229214954,13.105000000000649,INITIALIZATION / virtual support band ON,-23.88515753635182,,,,0.9645591725620334
134,13.4,132,471046.35359928105,471046.330697517,13.205000000000664,INITIALIZATION / virtual support band ON,-23.913228332852665,,,,0.9645071465333326
135,13.5,133,471046.453599281,471046.431901669,13.30500000000068,INITIALIZATION / virtual support band ON,-23.905183955868083,,,,0.9644902986300834
136,13.6,134,471046.553599281,471046.533370882,13.405000000000696,INITIALIZATION / virtual support band ON,-23.886433980125833,,,,0.9645127379915015
137,13.7,135,471046.65359928104,471046.634740792,13.505000000000711,INITIALIZATION / virtual support band ON,-23.879583226616486,,,,0.9645314062085225
138,13.8,136,471046.753599281,471046.735941786,13.605000000000727,INITIALIZATION / virtual support band ON,-23.885471086060548,,,,0.9645302027047973
139,13.9,137,471046.85359928105,471046.837256875,13.705000000000743,INITIALIZATION / virtual support band ON,-23.875317763349596,,,,0.9645194689288845
140,14.0,138,471046.953599281,471046.938668364,13.805000000000758,INITIALIZATION / virtual support band ON,-23.864757917241903,,,,0.9645169391612238
141,14.1,139,471047.053599281,471047.039984928,13.905000000000774,INITIALIZATION / virtual support band ON,-23.867140481177184,,,,0.9645208425125541
142,14.2,140,471047.15359928104,471047.142454058,14.00500000000079,INITIALIZATION / virtual support band ON,-23.876659652880267,,,,0.9645214107930133
143,14.3,141,471047.253599281,471047.243302697,14.105000000000805,INITIALIZATION / virtual support band ON,-23.884633334862354,,,,0.9645207761027015
144,14.4,142,471047.35359928105,471047.344490191,14.20500000000082,INITIALIZATION / virtual support band ON,-23.87672138169438,,,,0.9645203835346088
145,14.5,143,471047.453599281,471047.445755882,14.305000000000836,INITIALIZATION / virtual support band ON,-23.876156300853854,,,,0.9645251466104181
146,14.6,144,471047.553599281,471047.547047444,14.405000000000852,INITIALIZATION / virtual support band ON,-23.879361901120358,,,,0.9645246704006657
147,14.7,145,471047.65359928104,471047.64833076,14.505000000000868,INITIALIZATION / virtual support band ON,-23.879159991687487,,,,0.9645199625167202
148,14.8,146,471047.753599281,471047.749701432,14.605000000000883,INITIALIZATION / virtual support band ON,-23.877515965043997,,,,0.9645203045721199
149,14.9,147,471047.85359928105,471047.85110981,14.705000000000899,INITIALIZATION / virtual support band ON,-23.87854182503364,,,,0.9645234537585458
150,15.0,148,471047.953599281,471047.952283477,14.805000000000915,INITIALIZATION / virtual support band ON,-23.880185102047935,,,,0.9645227610338393
151,15.1,149,471048.053599281,471048.053533738,14.90500000000093,INITIALIZATION / virtual support band ON,-23.879846738294056,,,,0.9645206582577918
152,15.2,149,471048.15359928104,471048.053533738,14.90500000000093,INITIALIZATION / virtual support band ON,-23.879846738294056,,,,0.9645206582577918
153,15.3,150,471048.253599281,471048.154744057,15.005000000000946,INITIALIZATION / virtual support band ON,-23.879341241407907,,,,0.9645214518483147
154,15.4,151,471048.35359928105,471048.256063802,15.105000000000961,INITIALIZATION / virtual support band ON,-23.880249039989483,,,,0.9645228137947057
155,15.5,152,471048.453599281,471048.357217818,15.205000000000977,INITIALIZATION / virtual support band ON,-23.8810747253811,,,,0.9645220628620138
156,15.6,153,471048.553599281,471048.458883579,15.305000000000993,INITIALIZATION / virtual support band ON,-23.880914028940857,,,,0.9645212162524855
157,15.7,154,471048.65359928104,471048.560641141,15.405000000001008,INITIALIZATION / virtual support band ON,-23.880942207418045,,,,0.9645218628022841
158,15.8,155,471048.753599281,471048.661408513,15.505000000001024,INITIALIZATION / virtual support band ON,-23.881631968367714,,,,0.9645223648879783
159,15.9,156,471048.85359928105,471048.762531264,15.60500000000104,INITIALIZATION / virtual support band ON,-23.882093649995426,,,,0.9645218425626103
160,16.0,157,471048.953599281,471048.864016027,15.705000000001055,INITIALIZATION / virtual support band ON,-23.882118367933412,,,,0.9645215651095225
161,16.1,158,471049.053599281,471048.965122812,15.80500000000107,INITIALIZATION / virtual support band ON,-23.88235842090036,,,,0.9645219696695394
162,16.2,159,471049.15359928104,471049.066384654,15.905000000001086,INITIALIZATION / virtual support band ON,-23.88287058941989,,,,0.964522108016933
163,16.3,160,471049.253599281,471049.167838568,16.0050000000011,INITIALIZATION / virtual support band ON,-23.883190309417042,,,,0.9645218066123382
164,16.4,161,471049.35359928105,471049.269258202,16.10500000000108,INITIALIZATION / virtual support band ON,-23.883341553596864,,,,0.9645217521173802
165,16.5,162,471049.453599281,471049.370501866,16.20500000000106,INITIALIZATION / virtual support band ON,-23.8836462301575,,,,0.9645219708009479
166,16.6,163,471049.553599281,471049.471678696,16.30500000000104,INITIALIZATION / virtual support band ON,-23.88404359846816,,,,0.9645219793351268
167,16.7,164,471049.65359928104,471049.572953195,16.40500000000102,INITIALIZATION / virtual support band ON,-23.88431681413058,,,,0.964521825858597
168,16.8,165,471049.753599281,471049.674460515,16.505000000001,INITIALIZATION / virtual support band ON,-23.884537994496053,,,,0.9645218413944987
169,16.9,166,471049.85359928105,471049.776423696,16.60500000000098,INITIALIZATION / virtual support band ON,-23.884848998654697,,,,0.9645219469778955
170,17.0,167,471049.953599281,471049.877099799,16.70500000000096,INITIALIZATION / virtual support band ON,-23.88518013994597,,,,0.9645219221736542
171,17.1,168,471050.053599281,471049.978481278,16.80500000000094,INITIALIZATION / virtual support band ON,-23.88544177567014,,,,0.9645218522246308
172,17.2,169,471050.15359928104,471050.079820318,16.90500000000092,INITIALIZATION / virtual support band ON,-23.885694849342276,,,,0.9645218795001802
173,17.3,170,471050.253599281,471050.181276062,17.0050000000009,INITIALIZATION / virtual support band ON,-23.8859937925523,,,,0.9645219250831875
174,17.4,171,471050.35359928105,471050.282475268,17.10500000000088,INITIALIZATION / virtual support band ON,-23.886288680276188,,,,0.9645219002416422
175,17.5,172,471050.453599281,471050.383639378,17.20500000000086,INITIALIZATION / virtual support band ON,-23.886548292473307,,,,0.9645218721509594
176,17.6,173,471050.553599281,471050.484900084,17.30500000000084,INITIALIZATION / virtual support band ON,-23.88681179472323,,,,0.9645218936927419
177,17.7,174,471050.65359928104,471050.586254332,17.405000000000822,INITIALIZATION / virtual support band ON,-23.887095751375025,,,,0.964521910773003
178,17.8,175,471050.753599281,471050.687681119,17.505000000000802,INITIALIZATION / virtual support band ON,-23.887370607435926,,,,0.9645218937672219
179,17.9,176,471050.85359928105,471050.788842161,17.605000000000782,INITIALIZATION / virtual support band ON,-23.887628835152654,,,,0.9645218844766253
180,18.0,177,471050.953599281,471050.890273964,17.705000000000762,INITIALIZATION / virtual support band ON,-23.887892149976164,,,,0.9645218979507363
181,18.1,178,471051.053599281,471050.992195183,17.805000000000742,INITIALIZATION / virtual support band ON,-23.888162928981625,,,,0.9645219029501246
182,18.2,179,471051.15359928104,471051.093919972,17.905000000000722,INITIALIZATION / virtual support band ON,-23.88842573060831,,,,0.9645218931764157
183,18.3,180,471051.253599281,471051.194820516,18.005000000000702,INITIALIZATION / virtual support band ON,-23.888681026370527,,,,0.9645218913082
184,18.4,181,471051.35359928105,471051.29597531,18.105000000000683,INITIALIZATION / virtual support band ON,-23.885987287818082,,,,0.9645183715225227
185,18.5,182,471051.453599281,471051.397332696,18.205000000000663,INITIALIZATION / virtual support band ON,-23.888757093416384,,,,0.9645237657704004
186,18.6,183,471051.553599281,471051.498440841,18.305000000000643,INITIALIZATION / virtual support band ON,-23.888919419354625,,,,0.9645233791450794
187,18.7,184,471051.65359928104,471051.599952448,18.405000000000623,INITIALIZATION / virtual support band ON,-23.88964793917658,,,,0.9645222604847712
188,18.8,185,471051.753599281,471051.701298436,18.505000000000603,INITIALIZATION / virtual support band ON,-23.889738445583642,,,,0.9645215103436381
189,18.9,186,471051.85359928105,471051.802438881,18.605000000000583,INITIALIZATION / virtual support band ON,-23.89048453646364,,,,0.9645225885334486
190,19.0,187,471051.953599281,471051.903832572,18.705000000000563,INITIALIZATION / virtual support band ON,-23.8906394192184,,,,0.9645227363667809
191,19.1,188,471052.053599281,471052.005231358,18.805000000000543,INITIALIZATION / virtual support band ON,-23.891193931234433,,,,0.964522122917366
192,19.2,189,471052.15359928104,471052.106580787,18.905000000000523,INITIALIZATION / virtual support band ON,-23.891534047164004,,,,0.9645217953219571
193,19.3,190,471052.253599281,471052.208423228,19.005000000000503,INITIALIZATION / virtual support band ON,-23.89135616237582,,,,0.9645217975385888
194,19.4,191,471052.35359928105,471052.309488259,19.105000000000484,INITIALIZATION / virtual support band ON,-23.89143081259085,,,,0.9645216966276907
195,19.5,192,471052.453599281,471052.411561635,19.205000000000464,INITIALIZATION / virtual support band ON,-23.891753052139187,,,,0.9645214398643227
196,19.6,193,471052.553599281,471052.512256983,19.305000000000444,INITIALIZATION / virtual support band ON,-23.891861475708623,,,,0.9645215473433306
197,19.7,194,471052.65359928104,471052.61388072,19.405000000000424,INITIALIZATION / virtual support band ON,-23.892009854508483,,,,0.9645218581813024
198,19.8,195,471052.753599281,471052.714724114,19.505000000000404,INITIALIZATION / virtual support band ON,-23.892343415476162,,,,0.9645219947842798
199,19.9,196,471052.85359928105,471052.816133556,19.605000000000384,INITIALIZATION / virtual support band ON,-23.89262442521116,,,,0.9645218789226209
200,20.0,197,471052.953599281,471052.91787885,19.705000000000364,INITIALIZATION / virtual support band ON,-23.892779854178013,,,,0.9645218251644068
201,20.1,198,471053.053599281,471053.019443176,19.805000000000344,INITIALIZATION / virtual support band ON,-23.89298153004842,,,,0.9645219150488842
202,20.2,199,471053.15359928104,471053.121782639,19.905000000000324,INITIALIZATION / virtual support band ON,-23.893259859079297,,,,0.9645219469607652
203,20.3,200,471053.253599281,471053.222409883,20.005000000000305,INITIALIZATION / virtual support band ON,-23.89349571575213,,,,0.9645218830522903
204,20.4,201,471053.35359928105,471053.323517168,20.105000000000285,INITIALIZATION / virtual support band ON,-23.893682187201225,,,,0.9645218665059082
205,20.5,202,471053.453599281,471053.425273659,20.205000000000265,INITIALIZATION / virtual support band ON,-23.888864463431535,,,,0.9645309775820207
206,20.6,203,471053.553599281,471053.527914372,20.305000000000245,INITIALIZATION / virtual support band ON,-23.89333076739051,,,,0.9645077828638463
207,20.7,204,471053.65359928104,471053.62876622,20.405000000000225,INITIALIZATION / virtual support band ON,-23.85881587749437,,,,0.9644576309822614
208,20.8,205,471053.753599281,471053.729919659,20.505000000000205,INITIALIZATION / virtual support band ON,-23.628419489097958,,,,0.9644340054616675
209,20.9,206,471053.85359928105,471053.831752109,20.605000000000185,INITIALIZATION / virtual support band ON,-23.18224366265466,,,,0.9644145539617119
210,21.0,207,471053.953599281,471053.933818634,20.705000000000165,INITIALIZATION / virtual support band ON,-22.49182518675493,,,,0.9644317454703744
211,21.1,208,471054.053599281,471054.035217181,20.805000000000145,INITIALIZATION / virtual support band ON,-21.61001056691853,,,,0.9644839302652751
212,21.2,209,471054.15359928104,471054.136582449,20.905000000000125,INITIALIZATION / virtual support band ON,-20.547106332268545,,,,0.9645179075441247
213,21.3,210,471054.253599281,471054.238163877,21.005000000000106,INITIALIZATION / virtual support band ON,-19.590599332748965,,,,0.9645568131307795
214,21.4,211,471054.35359928105,471054.339701693,21.105000000000086,INITIALIZATION / virtual support band ON,-18.75515717873154,,,,0.964561756250518
215,21.5,212,471054.453599281,471054.44148594,21.205000000000066,INITIALIZATION / virtual support band ON,-18.17700686845619,,,,0.9645681078537185
216,21.6,213,471054.553599281,471054.543185358,21.305000000000046,INITIALIZATION / virtual support band ON,-17.767968812521417,,,,0.9645625391555792
217,21.7,214,471054.65359928104,471054.644201864,21.405000000000026,INITIALIZATION / virtual support band ON,-17.55780620131072,,,,0.9645609540974837
218,21.8,215,471054.753599281,471054.745739588,21.505000000000006,INITIALIZATION / virtual support band ON,-17.43509182880258,,,,0.964548857255685
219,21.9,216,471054.85359928105,471054.847236879,21.604999999999986,INITIALIZATION / virtual support band ON,-17.296181127750568,,,,0.9645261038497105
220,22.0,217,471054.953599281,471054.94863905,21.704999999999966,INITIALIZATION / virtual support band ON,-17.145881616192934,,,,0.9645232822553489
221,22.1,218,471055.053599281,471055.05046446,21.804999999999946,INITIALIZATION / virtual support band ON,-17.059191188052715,,,,0.9645313610776786
222,22.2,219,471055.15359928104,471055.151705552,21.904999999999927,INITIALIZATION / virtual support band ON,-17.05397074939791,,,,0.9645377307206862
223,22.3,220,471055.253599281,471055.253437417,22.004999999999907,INITIALIZATION / virtual support band ON,-17.091725450653822,,,,0.964544668978836
224,22.4,220,471055.35359928105,471055.253437417,22.004999999999907,INITIALIZATION / virtual support band ON,-17.091725450653822,,,,0.964544668978836
225,22.5,221,471055.453599281,471055.355062526,22.104999999999887,INITIALIZATION / virtual support band ON,-17.108967902867114,,,,0.9645481323682366
226,22.6,222,471055.553599281,471055.456518476,22.204999999999867,INITIALIZATION / virtual support band ON,-17.099659444752838,,,,0.9645411431700793
227,22.7,223,471055.65359928104,471055.558510223,22.304999999999847,INITIALIZATION / virtual support band ON,-17.070828802748053,,,,0.9645246257483839
228,22.8,224,471055.753599281,471055.659967318,22.404999999999827,INITIALIZATION / virtual support band ON,-17.033449672515854,,,,0.964521445440953
229,22.9,225,471055.85359928105,471055.761928412,22.504999999999807,INITIALIZATION / virtual support band ON,-16.99585146298558,,,,0.9645219679908533
230,23.0,226,471055.953599281,471055.863293017,22.604999999999787,INITIALIZATION / virtual support band ON,-16.94552718156485,,,,0.9645134506796347
231,23.1,227,471056.053599281,471055.964927488,22.704999999999767,INITIALIZATION / virtual support band ON,-16.835795357739787,,,,0.9644820474488617
232,23.2,228,471056.15359928104,471056.066395489,22.804999999999747,INITIALIZATION / virtual support band ON,-16.667254593199498,,,,0.9644558553290506
233,23.3,229,471056.253599281,471056.167741988,22.904999999999728,INITIALIZATION / virtual support band ON,-16.30262798985145,,,,0.9644512966214213
234,23.4,230,471056.35359928105,471056.269406299,23.004999999999708,INITIALIZATION / virtual support band ON,-15.70895705567402,,,,0.9644130837201821
235,23.5,231,471056.453599281,471056.37133498,23.104999999999688,INITIALIZATION / virtual support band ON,-14.788819122499484,,,,0.9643616230314888
236,23.6,232,471056.553599281,471056.472614687,23.204999999999668,INITIALIZATION / virtual support band ON,-13.63803540290316,,,,0.9644391296831131
237,23.7,233,471056.65359928104,471056.573817146,23.304999999999648,INITIALIZATION / virtual support band ON,-12.449764306508062,,,,0.9645422943988279
238,23.8,234,471056.753599281,471056.675962828,23.404999999999628,INITIALIZATION / virtual support band ON,-11.312326876014744,,,,0.9646164997551129
239,23.9,235,471056.85359928105,471056.777718722,23.504999999999608,INITIALIZATION / virtual support band ON,8.467071119825587,,-0.7677817425951143,,0.9616945995704996
240,24.0,236,471056.953599281,471056.879034381,23.60499999999959,SUPPORT RELEASED / settling,9.312311645821701,,-1.7159082536871448,,0.9224723894830975
241,24.1,237,471057.053599281,471056.980604231,23.70499999999957,SUPPORT RELEASED / settling,12.092160383147304,,-1.6750618102559527,,0.777705941306372
242,24.2,238,471057.15359928104,471057.082755654,23.80499999999955,SUPPORT RELEASED / settling,-1.8824844628972897,,-2.41061244673401,,0.6821986967445365
243,24.3,239,471057.253599281,471057.184321693,23.90499999999953,SUPPORT RELEASED / settling,3.5507924899435945,,-3.204618815513421,,0.7592118490790217
244,24.4,240,471057.35359928105,471057.285709559,24.00499999999951,SUPPORT RELEASED / settling,5.313837077500183,,-3.4127017244694455,,0.8017723912780694
245,24.5,241,471057.453599281,471057.387913485,24.10499999999949,SUPPORT RELEASED / settling,-1.7145102843851487,,-3.399895650112276,,0.7830308418618448
246,24.6,242,471057.553599281,471057.489435496,24.20499999999947,SUPPORT RELEASED / settling,-5.393514391976335,,-3.0589905254746403,,0.77955132581293
247,24.7,243,471057.65359928104,471057.591763027,24.30499999999945,SUPPORT RELEASED / settling,-3.5290387589699246,,-2.819268431048841,,0.7819755418018927
248,24.8,244,471057.753599281,471057.69332865,24.40499999999943,SUPPORT RELEASED / settling,-3.3634234652647255,,-2.4956191617696613,,0.7836011447707527
249,24.9,245,471057.85359928105,471057.794777233,24.50499999999941,SUPPORT RELEASED / settling,-2.2501392627232204,,-2.047866702638347,,0.7856533447551126
250,25.0,246,471057.953599281,471057.896440668,24.60499999999939,SUPPORT RELEASED / settling,-1.6269956407886483,,-1.7766154223734756,,0.7870125576112393
251,25.1,247,471058.053599281,471057.997981197,24.70499999999937,SUPPORT RELEASED / settling,-1.0756265859777656,,-1.9541732375753622,,0.7876778119903698
252,25.2,248,471058.15359928104,471058.100236397,24.80499999999935,SUPPORT RELEASED / settling,-0.9217847456766486,,-1.9506831564714215,,0.7876952589630737
253,25.3,249,471058.253599281,471058.201388558,24.90499999999933,SUPPORT RELEASED / settling,-1.2194379856600301,,-1.8265973105161826,,0.7874218572750669
254,25.4,250,471058.35359928105,471058.302762039,25.00499999999931,SUPPORT RELEASED / settling,-1.4529082424205157,,-1.8355186485425858,,0.787097385639753
255,25.5,251,471058.453599281,471058.404177832,25.10499999999929,SUPPORT RELEASED / settling,-1.5013986013978569,,-1.8355186485425858,,0.7868154726673008
256,25.6,252,471058.553599281,471058.505421204,25.20499999999927,SUPPORT RELEASED / settling,-1.398205697581863,,-1.8355186485425858,,0.7866197969177787
257,25.7,253,471058.65359928104,471058.60714581,25.30499999999925,SUPPORT RELEASED / settling,-1.340861696247449,,-1.8355186485425858,,0.7865172935091016
258,25.8,254,471058.753599281,471058.709009373,25.40499999999923,SUPPORT RELEASED / settling,-1.3559181775233549,,-1.8355186485425858,,0.7864887719003045
259,25.9,255,471058.85359928105,471058.8106436,25.50499999999921,SUPPORT RELEASED / settling,-1.4013689726719554,,-1.8355186485425858,,0.786522481550023
260,26.0,256,471058.953599281,471058.912239985,25.60499999999919,RESET STANDING / measured dwell check,-1.432593853752242,-0.4579205855804028,-1.8355186485425858,,0.7865410102608473
261,26.1,257,471059.053599281,471059.013831663,25.70499999999917,RESET STANDING / measured dwell check,-0.646894589085082,-0.4579205855804028,-1.814684870332107,,0.7863288723977551
262,26.2,258,471059.15359928104,471059.115752369,25.80499999999915,RESET STANDING / measured dwell check,-0.06020845050146245,-0.4579205855804028,-1.0199603686184557,,0.7860667420642427
263,26.3,259,471059.253599281,471059.217414429,25.90499999999913,RESET STANDING / measured dwell check,0.1117952342710516,-0.4579205855804028,-0.2615579333287351,,0.7857223786004356
264,26.4,260,471059.35359928105,471059.319280539,26.00499999999911,RESET STANDING / measured dwell check,0.1284192548329892,-0.4579205855804028,-0.08372799558704566,,0.7855807592427843
265,26.5,261,471059.453599281,471059.420891532,26.10499999999909,RESET STANDING / measured dwell check,0.18043969377833458,-0.4579205855804028,0.1372495855247485,,0.7857963833105054
266,26.6,262,471059.553599281,471059.522674745,26.20499999999907,RESET STANDING / measured dwell check,0.3880005422282132,-0.4579205855804028,0.25776502066775564,,0.785822516090636
267,26.7,263,471059.65359928104,471059.624614437,26.30499999999905,RESET STANDING / measured dwell check,0.38399075226406854,-0.4579205855804028,0.0389831727578985,,0.7856565455680503
268,26.8,264,471059.753599281,471059.727176245,26.40499999999903,RESET STANDING / measured dwell check,0.49680093213574184,-0.4579205855804028,-0.30064048073230754,,0.7857918661308952
269,26.9,265,471059.85359928105,471059.828783486,26.50499999999901,RESET STANDING / measured dwell check,0.3997592692384668,-0.4579205855804028,-0.6385515430630562,,0.7856505212372987
270,27.0,266,471059.953599281,471059.930356995,26.60499999999899,RESET STANDING / measured dwell check,0.12627553395032975,-0.4579205855804028,-0.7806618734239679,,0.7857492575305687
271,27.1,267,471060.053599281,471060.031399134,26.699999999998973,RESET STANDING / measured dwell check,-0.4608671538626689,-0.4579205855804028,-0.8680894293728658,,0.7858543327215481
272,27.2,268,471060.15359928104,471060.13304565,26.799999999998953,RESET STANDING / measured dwell check,-0.7158709378255543,-0.4579205855804028,-1.0797231085957704,,0.7858182825417966
273,27.3,269,471060.253599281,471060.2344147,26.899999999998933,RESET STANDING / measured dwell check,-0.5893987182329936,-0.4579205855804028,-1.1662974515973847,,0.7858306795402404
274,27.4,270,471060.35359928105,471060.336198078,26.999999999998913,RESET STANDING / measured dwell check,-0.6730246294724671,-0.4579205855804028,-1.1662974515973847,,0.7859150777933251
275,27.5,271,471060.453599281,471060.437677253,27.099999999998893,RESET STANDING / measured dwell check,-1.1877998730982835,-0.4579205855804028,-1.1662974515973847,,0.7859300313689538
276,27.6,272,471060.553599281,471060.539412105,27.199999999998873,RESET STANDING / measured dwell check,-1.4727255637051047,-0.4579205855804028,-1.1662974515973847,,0.7858573649543944
277,27.7,273,471060.65359928104,471060.641008165,27.299999999998853,RESET STANDING / measured dwell check,-1.7362695491811682,-0.4579205855804028,-1.1662974515973847,,0.7860060075033299
278,27.8,274,471060.753599281,471060.743295218,27.399999999998833,RESET STANDING / measured dwell check,-1.8289077347760407,-0.4579205855804028,-1.1662974515973847,,0.7860854361333962
279,27.9,275,471060.85359928105,471060.845066009,27.499999999998813,RESET STANDING / measured dwell check,-2.0134656913569935,-0.4579205855804028,-1.1662974515973847,,0.7860315856059927
280,28.0,276,471060.953599281,471060.946590981,27.599999999998793,RESET STANDING / measured dwell check,-1.9416933552670448,-0.4579205855804028,-1.1662974515973847,,0.7859433147036915
281,28.1,277,471061.053599281,471061.048575667,27.699999999998774,RESET STANDING / measured dwell check,-1.8608616292474822,-0.4579205855804028,-1.1662974515973847,,0.7858415443838829
282,28.2,278,471061.15359928104,471061.150965615,27.799999999998754,RESET STANDING / measured dwell check,-1.7974980544463404,-0.4579205855804028,-1.1662974515973847,,0.7857492484185667
283,28.3,279,471061.253599281,471061.25173991,27.899999999998734,RESET STANDING / measured dwell check,-1.7900474958669959,-0.4579205855804028,-1.1662974515973847,,0.7856337529440895
284,28.4,279,471061.35359928105,471061.25173991,27.899999999998734,RESET STANDING / measured dwell check,-1.7900474958669959,-0.4579205855804028,-1.1662974515973847,,0.7856337529440895
285,28.5,280,471061.453599281,471061.354237267,27.999999999998714,RESET STANDING / measured dwell check,-1.8172863487308204,-0.4579205855804028,-1.1662974515973847,,0.7855939986263918
286,28.6,281,471061.553599281,471061.455801271,28.099999999998694,RESET STANDING / measured dwell check,-1.7087811137186233,-0.4579205855804028,-1.1662974515973847,,0.7854824315385036
287,28.7,282,471061.65359928104,471061.557051236,28.199999999998674,RESET STANDING / measured dwell check,-1.7131183038408546,-0.4579205855804028,-1.1662974515973847,,0.7853163088544808
288,28.8,283,471061.753599281,471061.658604619,28.299999999998654,RESET STANDING / measured dwell check,-1.6566492571753033,-0.4579205855804028,-1.1662974515973847,,0.7851476369866155
289,28.9,284,471061.85359928105,471061.760574699,28.399999999998634,RESET STANDING / measured dwell check,-1.6960127207124143,-0.4579205855804028,-1.1662974515973847,,0.7850434837907793
290,29.0,285,471061.953599281,471061.862207591,28.499999999998614,RESET STANDING / measured dwell check,-1.8093629728387737,-0.4579205855804028,-1.1662974515973847,,0.7849407462104545
291,29.1,286,471062.053599281,471061.963689681,28.599999999998595,RESET STANDING / measured dwell check,-1.821246598347373,-0.4579205855804028,-1.1662974515973847,,0.7848389308716031
292,29.2,287,471062.15359928104,471062.065472575,28.699999999998575,WALK BACKWARD / 0.2 m/s requested for 1 s,-1.87253701828103,-0.4579205855804028,-1.1662974515973847,,0.78478435333196
293,29.3,288,471062.253599281,471062.167216088,28.799999999998555,WALK BACKWARD / 0.2 m/s requested for 1 s,-2.0631076745948254,-0.4579205855804028,-1.1662974515973847,,0.7848035451322104
294,29.4,289,471062.35359928105,471062.268681316,28.899999999998535,WALK BACKWARD / 0.2 m/s requested for 1 s,-2.514564602276611,-0.5021633750377308,-1.2690993729934779,,0.7849984484800653
295,29.5,290,471062.453599281,471062.370478747,28.999999999998515,WALK BACKWARD / 0.2 m/s requested for 1 s,-3.043295876012846,-0.5021633750377308,-2.1545260844671907,,0.7844031835305402
296,29.6,291,471062.553599281,471062.472010686,29.099999999998495,WALK BACKWARD / 0.2 m/s requested for 1 s,-3.669960291172986,-0.5021633750377308,-3.3400868916640865,,0.78379470891704
297,29.7,292,471062.65359928104,471062.573694691,29.199999999998475,WALK BACKWARD / 0.2 m/s requested for 1 s,-3.4986971233317736,-0.5021633750377308,-3.5968156944327134,,0.7837223783337417
298,29.8,293,471062.753599281,471062.675984335,29.299999999998455,WALK BACKWARD / 0.2 m/s requested for 1 s,-3.165066712865607,-0.5021633750377308,-3.2386862272261534,,0.7843268007232304
299,29.9,294,471062.85359928105,471062.777082047,29.399999999998435,WALK BACKWARD / 0.2 m/s requested for 1 s,-2.4229915245999094,-0.5021633750377308,-2.145377234284007,,0.785122175682591
300,30.0,295,471062.953599281,471062.878884343,29.499999999998415,WALK BACKWARD / 0.2 m/s requested for 1 s,-1.7261995684676195,-0.5021633750377308,-1.4962973056756756,,0.7846508469180065
301,30.1,296,471063.053599281,471062.982112581,29.599999999998396,WALK BACKWARD / 0.2 m/s requested for 1 s,-1.5959815654609018,-0.5021633750377308,-0.9618362938248314,,0.7831309010211585
302,30.2,297,471063.15359928104,471063.083943853,29.699999999998376,WALK BACKWARD / 0.2 m/s requested for 1 s,-1.526508495067751,-0.5021633750377308,-1.105489592151086,,0.7825899704501653
303,30.3,298,471063.253599281,471063.185310952,29.799999999998356,TURN -15 deg / requested rate <= 10 deg/s,-1.9532411085978911,-0.7813200186654874,-0.7980222672323126,-15.580672368611761,0.7818392427509647
304,30.4,299,471063.35359928105,471063.286793188,29.899999999998336,TURN -15 deg / requested rate <= 10 deg/s,-1.7343237451118556,-1.784262498346711,-0.4969947685441364,-15.580672368611761,0.7814766186723593
305,30.5,300,471063.453599281,471063.388441,29.999999999998316,TURN -15 deg / requested rate <= 10 deg/s,-1.4941817159702715,-2.786895918631548,-0.5992640305217757,-15.580672368611761,0.7842655616875279
306,30.6,301,471063.553599281,471063.489711662,30.099999999998296,TURN -15 deg / requested rate <= 10 deg/s,-1.3939912475640126,-3.7899546384295384,-0.3257323057556231,-15.580672368611761,0.7856738175100031
307,30.7,302,471063.65359928104,471063.591372058,30.199999999998276,TURN -15 deg / requested rate <= 10 deg/s,-1.0985836706435073,-4.7928459186522225,-0.22662410254573015,-15.580672368611761,0.7865536633071606
308,30.8,303,471063.753599281,471063.693925985,30.299999999998256,TURN -15 deg / requested rate <= 10 deg/s,-0.9322558633647675,-4.923325296815389,-0.0664323313320224,-15.580672368611761,0.7867195946575649
309,30.9,304,471063.85359928105,471063.795362265,30.399999999998236,TURN -15 deg / requested rate <= 10 deg/s,-0.879923443493688,-4.856318028314339,-0.1349336418214361,-15.580672368611761,0.7865302701992577
310,31.0,305,471063.953599281,471063.89635711,30.499999999998217,TURN -15 deg / requested rate <= 10 deg/s,-0.8356207187879157,-4.7921873002210456,-0.26932020969359727,-15.580672368611761,0.7863323739029048
311,31.1,306,471064.053599281,471063.997882677,30.599999999998197,TURN -15 deg / requested rate <= 10 deg/s,-0.7865493344256661,-4.763827849007342,-0.21173084646959126,-15.580672368611761,0.7862198458412945
312,31.2,307,471064.15359928104,471064.100710284,30.699999999998177,TURN -15 deg / requested rate <= 10 deg/s,-0.7312132368691839,-4.723919596525234,-0.2390286699343239,-15.580672368611761,0.7861645411874632
313,31.3,308,471064.253599281,471064.202288769,30.799999999998157,TURN -15 deg / requested rate <= 10 deg/s,-0.7078758868194955,-4.681945576186352,-0.23910577297490224,-15.580672368611761,0.7861352485648091
314,31.4,309,471064.35359928105,471064.303711487,30.899999999998137,TURN -15 deg / requested rate <= 10 deg/s,-0.6056261318318077,-4.598322652572769,0.04611178986233921,-15.580672368611761,0.7860568122626052
315,31.5,310,471064.453599281,471064.405241816,30.999999999998117,TURN -15 deg / requested rate <= 10 deg/s,-0.6486017000938259,-4.57373104485658,0.06358438935268917,-15.580672368611761,0.7860070164108344
316,31.6,311,471064.553599281,471064.507112329,31.099999999998097,TURN -15 deg / requested rate <= 10 deg/s,-0.657316830171288,-4.59109588406213,0.04050385018448692,-15.580672368611761,0.7859334676940075
317,31.7,312,471064.65359928104,471064.608799658,31.199999999998077,TURN -15 deg / requested rate <= 10 deg/s,-0.5954647778206593,-4.5396035582585705,0.013689326620711184,-15.580672368611761,0.785841245342116
318,31.8,313,471064.753599281,471064.710410182,31.299999999998057,TURN -15 deg / requested rate <= 10 deg/s,-0.5582501971310848,-4.466509967019736,-0.018389081831783657,-15.580672368611761,0.7857638360213007
319,31.9,314,471064.85359928105,471064.81241237,31.399999999998037,TURN -15 deg / requested rate <= 10 deg/s,-0.5360385605190009,-4.425610335098368,-0.0480971053073698,-15.580672368611761,0.7857455525043796
320,32.0,315,471064.953599281,471064.913426575,31.499999999998018,TURN -15 deg / requested rate <= 10 deg/s,-0.5140569302871509,-4.4146921028484245,-0.1396014940392839,-15.580672368611761,0.7857404527358378
321,32.1,316,471065.053599281,471065.015100153,31.599999999997998,TURN -15 deg / requested rate <= 10 deg/s,-0.47005241039628504,-4.374013449166211,-0.18761339734492705,-15.580672368611761,0.7857610277822271
322,32.2,317,471065.15359928104,471065.116764653,31.699999999997978,TURN -15 deg / requested rate <= 10 deg/s,-0.4259591059674777,-4.352263920753878,-0.20752949686831842,-15.580672368611761,0.7857526230894937
323,32.3,318,471065.253599281,471065.218408353,31.799999999997958,TURN -15 deg / requested rate <= 10 deg/s,-0.4348329509288406,-4.3588636118897774,-0.26997286688449257,-15.580672368611761,0.7857584756601802
324,32.4,319,471065.35359928105,471065.320313598,31.899999999997938,TURN -15 deg / requested rate <= 10 deg/s,-0.4727272130011585,-4.4137146489136185,-0.3743708311547938,-15.580672368611761,0.7857652974484687
325,32.5,320,471065.453599281,471065.422040028,31.999999999997918,TURN -15 deg / requested rate <= 10 deg/s,-0.5246345888077587,-4.483650352897955,-0.5434943155750657,-15.580672368611761,0.7857569475530602
326,32.6,321,471065.553599281,471065.523282904,32.09999999999797,TURN -15 deg / requested rate <= 10 deg/s,-0.6625198140510823,-4.772950331992047,-0.768144336463592,-15.580672368611761,0.7855935602751257
327,32.7,322,471065.65359928104,471065.625322884,32.19999999999802,TURN -15 deg / requested rate <= 10 deg/s,-0.84478225303439,-5.09476392501574,-1.0962704315624878,-15.580672368611761,0.7853466782114287
328,32.8,323,471065.753599281,471065.726777665,32.29999999999807,TURN -15 deg / requested rate <= 10 deg/s,-0.9132088359560617,-5.3085854657284,-1.611616021380818,-15.580672368611761,0.7851799156760547
329,32.9,324,471065.85359928105,471065.828551001,32.39999999999812,TURN -15 deg / requested rate <= 10 deg/s,-1.3425587685247906,-5.5181255286161806,-2.293418785694441,-15.580672368611761,0.7848948889976824
330,33.0,325,471065.953599281,471065.93015181,32.499999999998174,TURN -15 deg / requested rate <= 10 deg/s,-2.221993835236265,-6.223849418261345,-2.9324558130099976,-15.580672368611761,0.784626826417223
331,33.1,326,471066.053599281,471066.031391917,32.599999999998225,TURN -15 deg / requested rate <= 10 deg/s,-3.0536751007874927,-6.964917549066303,-3.7578577146163976,-15.580672368611761,0.7844315935413388
332,33.2,327,471066.15359928104,471066.133700205,32.699999999998276,TURN -15 deg / requested rate <= 10 deg/s,-3.6482281847756526,-7.707350803824297,-4.7537165899662845,-15.580672368611761,0.7842868384162263
333,33.3,328,471066.253599281,471066.23478208,32.79999999999833,TURN -15 deg / requested rate <= 10 deg/s,-4.189663997953691,-8.293643282772194,-5.620977882405535,-15.580672368611761,0.7841330838384203
334,33.4,329,471066.35359928105,471066.336362432,32.89999999999838,TURN -15 deg / requested rate <= 10 deg/s,-4.646736748677948,-8.64260165761715,-6.503190308517422,-15.580672368611761,0.7840216556400115
335,33.5,330,471066.453599281,471066.437715195,32.99999999999843,TURN -15 deg / requested rate <= 10 deg/s,-5.28980995801457,-9.175424946107515,-7.606202818326186,-15.580672368611761,0.7837163562064672
336,33.6,331,471066.553599281,471066.53976899,33.09999999999848,TURN -15 deg / requested rate <= 10 deg/s,-6.372419961738409,-9.89025601708396,-8.631515955914837,-15.580672368611761,0.7832870294998472
337,33.7,332,471066.65359928104,471066.641375929,33.19999999999853,TURN -15 deg / requested rate <= 10 deg/s,-7.51100266793135,-10.68166089450914,-9.60600678265265,-15.580672368611761,0.7830885499414479
338,33.8,333,471066.753599281,471066.743399357,33.29999999999858,TURN -15 deg / requested rate <= 10 deg/s,-8.769156843343971,-11.577524874549935,-10.527724689864009,-15.580672368611761,0.7829655983543529
339,33.9,334,471066.85359928105,471066.844548071,33.399999999998634,TURN -15 deg / requested rate <= 10 deg/s,-10.064191264026466,-12.580522794699872,-11.550071478841756,-15.580672368611761,0.7828125737315518
340,34.0,335,471066.953599281,471066.945742336,33.499999999998685,TURN -15 deg / requested rate <= 10 deg/s,-10.987606414723984,-13.583736474350669,-12.40415227825072,-15.580672368611761,0.7827503561194581
341,34.1,336,471067.053599281,471067.047897313,33.59999999999874,TURN -15 deg / requested rate <= 10 deg/s,-11.40834467307534,-14.46599413348169,-12.5845929401154,-15.580672368611761,0.7826505131144302
342,34.2,337,471067.15359928104,471067.149767736,33.69999999999879,TURN -15 deg / requested rate <= 10 deg/s,-11.720958850966419,-14.712454991032878,-12.654881349816327,-15.580672368611761,0.7825826971993816
343,34.3,338,471067.253599281,471067.251294547,33.79999999999884,TURN -15 deg / requested rate <= 10 deg/s,-11.7591020083595,-14.861328845283726,-12.636160034789262,-15.580672368611761,0.7826163409031955
344,34.4,339,471067.35359928105,471067.352960387,33.89999999999889,TURN -15 deg / requested rate <= 10 deg/s,-11.67751558792777,-14.736729995732034,-12.489984514128839,-15.580672368611761,0.7824792093681082
345,34.5,339,471067.453599281,471067.352960387,33.89999999999889,TURN -15 deg / requested rate <= 10 deg/s,-11.67751558792777,-14.736729995732034,-12.489984514128839,-15.580672368611761,0.7824792093681082
346,34.6,340,471067.553599281,471067.454446627,33.99999999999894,TURN -15 deg / requested rate <= 10 deg/s,-11.481114104976907,-14.612965593635119,-12.233754103390455,-15.580672368611761,0.7823710643083291
347,34.7,341,471067.65359928104,471067.556201809,34.09999999999899,TURN -15 deg / requested rate <= 10 deg/s,-11.197673722969949,-14.522058806678759,-11.872464106475807,-15.580672368611761,0.7823180342171064
348,34.8,342,471067.753599281,471067.65791973,34.199999999999044,TURN -15 deg / requested rate <= 10 deg/s,-10.968619781840086,-14.428739472190017,-11.533755495215589,-15.580672368611761,0.782278747228046
349,34.9,343,471067.85359928105,471067.759888249,34.299999999999095,TURN -15 deg / requested rate <= 10 deg/s,-10.767729734389283,-14.359054785721494,-11.059194516460435,-15.580672368611761,0.7822418821058905
350,35.0,344,471067.953599281,471067.861421557,34.399999999999146,TURN -15 deg / requested rate <= 10 deg/s,-10.585366884900873,-14.166378960697536,-11.040428942633989,-15.580672368611761,0.7821783888504718
351,35.1,345,471068.053599281,471067.963184609,34.4999999999992,TURN -15 deg / requested rate <= 10 deg/s,-10.432177083363616,-13.953459074446577,-11.091807376415678,-15.580672368611761,0.7820092138657525
352,35.2,346,471068.15359928104,471068.064462054,34.59999999999925,TURN -15 deg / requested rate <= 10 deg/s,-10.181871089366926,-13.884305663247554,-11.078697933697988,-15.580672368611761,0.7819971435598952
353,35.3,347,471068.253599281,471068.166801067,34.6999999999993,TURN -15 deg / requested rate <= 10 deg/s,-9.79965773491534,-13.51665139143332,-10.804465597152968,-15.580672368611761,0.781982218409947
354,35.4,348,471068.35359928105,471068.269357881,34.79999999999935,TURN -15 deg / requested rate <= 10 deg/s,-9.628749941102766,-13.230545418369587,-10.536027610492681,-15.580672368611761,0.7819365181002236
355,35.5,349,471068.453599281,471068.371111001,34.8999999999994,TURN -15 deg / requested rate <= 10 deg/s,-9.599753227217235,-13.167268204524591,-10.149091048042179,-15.580672368611761,0.7817437644532597
356,35.6,350,471068.553599281,471068.472388448,34.99999999999945,TURN -15 deg / requested rate <= 10 deg/s,-9.585598403058272,-13.208598491477483,-9.668694768987208,-15.580672368611761,0.7815412551201654
357,35.7,351,471068.65359928104,471068.574338042,35.099999999999504,TURN -15 deg / requested rate <= 10 deg/s,-9.554723273352224,-13.21731448427324,-9.379741308585766,-15.580672368611761,0.7814471184266363
358,35.8,352,471068.753599281,471068.676388707,35.199999999999555,TURN -15 deg / requested rate <= 10 deg/s,-9.286981036898172,-13.201141509769961,-8.978434490352754,-15.580672368611761,0.7813265836248114
359,35.9,353,471068.85359928105,471068.777697052,35.299999999999606,TURN -15 deg / requested rate <= 10 deg/s,-9.078279886641155,-13.143267095882177,-8.537208414233643,-15.580672368611761,0.7812419144785737
360,36.0,354,471068.953599281,471068.879311353,35.39999999999966,TURN -15 deg / requested rate <= 10 deg/s,-8.91458604979565,-13.033024889150987,-8.4501458933173,-15.580672368611761,0.7812975359947495
361,36.1,355,471069.053599281,471068.980875729,35.49999999999971,TURN -15 deg / requested rate <= 10 deg/s,-8.771135819922494,-12.928307574411663,-8.218003270044415,-15.580672368611761,0.7813897482254585
362,36.2,356,471069.15359928104,471069.082881299,35.59999999999976,TURN -15 deg / requested rate <= 10 deg/s,-8.667350746741576,-12.831668171570321,-8.11653786103476,-15.580672368611761,0.7814000630810255
363,36.3,357,471069.253599281,471069.184844553,35.69999999999981,TURN -15 deg / requested rate <= 10 deg/s,-8.545530035020112,-12.795044563584101,-7.979461917377497,-15.580672368611761,0.7813177928856752
364,36.4,358,471069.35359928105,471069.286214836,35.79999999999986,TURN -15 deg / requested rate <= 10 deg/s,-8.521554073606728,-12.805471703650692,-7.876787053562881,-15.580672368611761,0.7812858618468841
365,36.5,359,471069.453599281,471069.3877301,35.89999999999991,TURN -15 deg / requested rate <= 10 deg/s,-8.592007011519593,-12.868126523223296,-7.947791088322844,-15.580672368611761,0.7812573537942211
366,36.6,360,471069.553599281,471069.489237894,35.999999999999964,TURN -15 deg / requested rate <= 10 deg/s,-8.940598808267065,-13.003168090444383,-8.186646884046285,-15.580672368611761,0.7813669354217401
367,36.7,361,471069.65359928104,471069.591174428,36.100000000000016,TURN -15 deg / requested rate <= 10 deg/s,-9.22370694911077,-13.315914390091526,-8.75999626992024,-15.580672368611761,0.7814452364945637
368,36.8,362,471069.753599281,471069.692861013,36.20000000000007,TURN -15 deg / requested rate <= 10 deg/s,-9.380945267424421,-13.593143904071002,-9.464659170044085,-15.580672368611761,0.7816338892630692
369,36.9,363,471069.85359928105,471069.794831607,36.30000000000012,TURN -15 deg / requested rate <= 10 deg/s,-9.47397436901163,-13.727779503922434,-9.796494610274912,-15.580672368611761,0.7817531437176238
370,37.0,364,471069.953599281,471069.896125718,36.40000000000017,TURN -15 deg / requested rate <= 10 deg/s,-9.570970760165416,-13.800123040972647,-9.879956861178199,-15.580672368611761,0.7818649286872572
371,37.1,365,471070.053599281,471069.997689528,36.50000000000022,TURN -15 deg / requested rate <= 10 deg/s,-9.643627215272952,-13.793997442152104,-10.09375210368758,-15.580672368611761,0.7819571706684375
372,37.2,366,471070.15359928104,471070.099334469,36.60000000000027,TURN -15 deg / requested rate <= 10 deg/s,-9.697457567697974,-13.84379561778322,-10.217631763793463,-15.580672368611761,0.7820213663687366
373,37.3,367,471070.253599281,471070.200646104,36.70000000000032,TURN -15 deg / requested rate <= 10 deg/s,-9.697160862573122,-13.847314691963385,-10.303010046650169,-15.580672368611761,0.782094790437137
374,37.4,368,471070.35359928105,471070.302241415,36.800000000000374,TURN -15 deg / requested rate <= 10 deg/s,-9.740635298495919,-13.831877344167326,-10.376542871918705,-15.580672368611761,0.7821365362169798
375,37.5,369,471070.453599281,471070.403731669,36.900000000000425,TURN -15 deg / requested rate <= 10 deg/s,-9.807349589855294,-13.83807365515651,-10.459657263062411,-15.580672368611761,0.7821811299572358
376,37.6,370,471070.553599281,471070.505393542,37.000000000000476,TURN -15 deg / requested rate <= 10 deg/s,-9.845370226764011,-13.878628976074342,-10.519844307076966,-15.580672368611761,0.7822147858081682
377,37.7,371,471070.65359928104,471070.607160184,37.10000000000053,TURN -15 deg / requested rate <= 10 deg/s,-9.783894274937518,-13.944611952915006,-10.518335146357048,-15.580672368611761,0.7822329957044385
378,37.8,372,471070.753599281,471070.708941301,37.20000000000058,TURN -15 deg / requested rate <= 10 deg/s,-9.705083923456336,-13.91026145357845,-10.488659672442214,-15.580672368611761,0.7822221337098612
379,37.9,373,471070.85359928105,471070.810755186,37.30000000000063,TURN -15 deg / requested rate <= 10 deg/s,-9.62736817367178,-13.846104504352876,-10.364483615488675,-15.580672368611761,0.7822063472694192
380,38.0,374,471070.953599281,471070.912154532,37.40000000000068,TURN -15 deg / requested rate <= 10 deg/s,-9.565608997733069,-13.8033238641702,-10.142336440539687,-15.580672368611761,0.7821235338184142
381,38.1,375,471071.053599281,471071.013696205,37.50000000000073,TURN -15 deg / requested rate <= 10 deg/s,-9.421123369480835,-13.643256058157826,-9.880215349549784,-15.580672368611761,0.7819910248139028
382,38.2,376,471071.15359928104,471071.115097021,37.60000000000078,TURN -15 deg / requested rate <= 10 deg/s,-9.00034599938325,-13.164567688747177,-9.590033424981554,-15.580672368611761,0.7820334466023586
383,38.3,377,471071.253599281,471071.2164369,37.700000000000834,TURN -15 deg / requested rate <= 10 deg/s,-8.68650082354561,-12.964965024704814,-9.262500071135719,-15.580672368611761,0.7820407545688095
384,38.4,378,471071.35359928105,471071.318476542,37.800000000000885,TURN INTERRUPTED / stationary command hold,-8.392867862515969,-7.5824297959584515,-8.896609457720928,-15.580672368611761,0.7820442989789306
385,38.5,379,471071.453599281,471071.419948337,37.90000000000094,TURN INTERRUPTED / stationary command hold,-7.762603230021574,-7.5824297959584515,-8.494582762764999,-15.580672368611761,0.7818586489298593
386,38.6,380,471071.553599281,471071.521286506,38.00000000000099,TURN INTERRUPTED / stationary command hold,-7.161404660283407,-7.5824297959584515,-7.975828015415388,-15.580672368611761,0.7819053266194256
387,38.7,381,471071.65359928104,471071.623165027,38.10000000000104,TURN INTERRUPTED / stationary command hold,-6.545577620742634,-7.5824297959584515,-6.758573101968109,-15.580672368611761,0.7823630449392657
388,38.8,382,471071.753599281,471071.724453762,38.20000000000109,TURN INTERRUPTED / stationary command hold,-5.965039043436824,-7.5824297959584515,-6.637607760944143,-15.580672368611761,0.7828275234876442
389,38.9,383,471071.85359928105,471071.827024013,38.30000000000114,TURN INTERRUPTED / stationary command hold,-6.013150958975319,-7.5824297959584515,-6.943453596711066,-15.580672368611761,0.7833039661185529
390,39.0,384,471071.953599281,471071.927841864,38.40000000000119,TURN INTERRUPTED / stationary command hold,-6.507796242600002,-7.5824297959584515,-7.6668850146135705,-15.580672368611761,0.7834560780686677
391,39.1,385,471072.053599281,471072.029073012,38.50000000000124,TURN INTERRUPTED / stationary command hold,-6.940777115462055,-7.5824297959584515,-8.390788939200686,-15.580672368611761,0.7834575535913217
392,39.2,386,471072.15359928104,471072.130511393,38.600000000001295,TURN INTERRUPTED / stationary command hold,-6.95847106436154,-7.5824297959584515,-8.192119750730583,-15.580672368611761,0.7835207648447057
393,39.3,387,471072.253599281,471072.232060962,38.700000000001346,TURN INTERRUPTED / stationary command hold,-6.656500914021054,-7.5824297959584515,-7.75472878506126,-15.580672368611761,0.7836636653093798
394,39.4,388,471072.35359928105,471072.333701556,38.8000000000014,TURN INTERRUPTED / stationary command hold,-6.343790766827117,-7.5824297959584515,-7.615817910865854,-15.580672368611761,0.7840889373559201
395,39.5,389,471072.453599281,471072.435400224,38.90000000000145,TURN INTERRUPTED / stationary command hold,-6.323528973362945,-7.5824297959584515,-7.275732432584196,-15.580672368611761,0.7841851370227748
396,39.6,390,471072.553599281,471072.53710395,39.0000000000015,TURN INTERRUPTED / stationary command hold,-6.257303815587172,-7.5824297959584515,-7.0528158913038395,-15.580672368611761,0.7842287131385122
397,39.7,391,471072.65359928104,471072.638772457,39.10000000000155,SHUTDOWN TAIL / after last recorded control tick,-6.272288769373397,,,-15.580672368611761,0.7842323602811155
398,39.8,392,471072.753599281,471072.740190792,39.2000000000016,SHUTDOWN TAIL / after last recorded control tick,-6.255642213472276,,,-15.580672368611761,0.7842616009256859
399,39.9,393,471072.85359928105,471072.842076976,39.30000000000165,SHUTDOWN TAIL / after last recorded control tick,-6.477754538226285,,,-15.580672368611761,0.7822131852893798
400,40.0,394,471072.953599281,471072.943299785,39.400000000001704,SHUTDOWN TAIL / after last recorded control tick,-6.570226708700847,,,-15.580672368611761,0.778239607362474
401,40.1,395,471073.053599281,471073.044423721,39.500000000001755,SHUTDOWN TAIL / after last recorded control tick,-7.392551638621182,,,-15.580672368611761,0.7717382089887546
402,40.2,396,471073.15359928104,471073.1459556,39.600000000001806,SHUTDOWN TAIL / after last recorded control tick,-7.411230194548143,,,-15.580672368611761,0.7611804949169225
403,40.3,397,471073.253599281,471073.247596235,39.70000000000186,SHUTDOWN TAIL / after last recorded control tick,-5.245104519057387,,,-15.580672368611761,0.746543297545619
404,40.4,398,471073.35359928105,471073.349272914,39.80000000000191,SHUTDOWN TAIL / after last recorded control tick,-2.8789963220484363,,,-15.580672368611761,0.7149194648322439
405,40.5,399,471073.453599281,471073.450336449,39.90000000000196,SHUTDOWN TAIL / after last recorded control tick,7.262215529529964,,,-15.580672368611761,0.6661360225198193
406,40.6,400,471073.553599281,471073.551476991,40.00000000000201,SHUTDOWN TAIL / after last recorded control tick,23.442969442624225,,,-15.580672368611761,0.6082553262902395
407,40.7,401,471073.65359928104,471073.652854158,40.10000000000206,SHUTDOWN TAIL / after last recorded control tick,37.91266339962559,,,-15.580672368611761,0.5263099557305221
408,40.8,401,471073.753599281,471073.652854158,40.10000000000206,SHUTDOWN TAIL / after last recorded control tick,37.91266339962559,,,-15.580672368611761,0.5263099557305221
409,40.9,402,471073.85359928105,471073.754096686,40.20000000000211,SHUTDOWN TAIL / after last recorded control tick,44.56320705597116,,,-15.580672368611761,0.46138936359993027
